{"type":"FeatureCollection","features":[{"type":"Feature","id":101,"properties":{"u":"0101","n":"Chachapoyas","d":"Amazonas","c":[-6.4678,-77.7979]},"geometry":{"type":"Polygon","coordinates":[[[-77.9995,-6.9705],[-78.0009,-6.9421],[-78.013,-6.9346],[-78.001,-6.9105],[-78.0014,-6.8658],[-78.0282,-6.8432],[-78.0141,-6.8223],[-78.0359,-6.7432],[-77.936,-6.6898],[-77.8532,-6.6765],[-77.802,-6.6548],[-77.8121,-6.6113],[-77.8299,-6.5656],[-77.8311,-6.5378],[-77.8609,-6.4797],[-77.8747,-6.4231],[-77.9242,-6.3572],[-77.9361,-6.2855],[-77.9409,-6.2738],[-77.9169,-6.231],[-77.9058,-6.1571],[-77.8909,-6.1027],[-77.8614,-6.1192],[-77.7905,-6.1239],[-77.8078,-6.0809],[-77.8062,-6.0319],[-77.7802,-5.9955],[-77.7745,-5.9743],[-77.7448,-5.9449],[-77.6717,-5.9741],[-77.5983,-6.0313],[-77.5681,-6.0281],[-77.5099,-6.0865],[-77.4982,-6.1564],[-77.4696,-6.1865],[-77.5298,-6.2457],[-77.5401,-6.2875],[-77.5679,-6.3095],[-77.6176,-6.2808],[-77.6352,-6.3161],[-77.6823,-6.3365],[-77.7299,-6.3716],[-77.7477,-6.3924],[-77.7451,-6.4273],[-77.7328,-6.4559],[-77.7262,-6.5521],[-77.7041,-6.5823],[-77.6665,-6.5783],[-77.6267,-6.6127],[-77.6934,-6.6785],[-77.7403,-6.6475],[-77.7467,-6.7518],[-77.7353,-6.7883],[-77.7617,-6.8077],[-77.7233,-6.8935],[-77.7589,-6.9645],[-77.7793,-6.9415],[-77.8459,-6.9764],[-77.8803,-6.9625],[-77.9307,-6.9862],[-77.9995,-6.9705]]]}},{"type":"Feature","id":102,"properties":{"u":"0102","n":"Bagua","d":"Amazonas","c":[-5.128,-78.4162]},"geometry":{"type":"Polygon","coordinates":[[[-78.3165,-5.6176],[-78.3681,-5.6268],[-78.4056,-5.6903],[-78.4554,-5.733],[-78.4978,-5.6814],[-78.5336,-5.644],[-78.5654,-5.5879],[-78.5431,-5.4818],[-78.5152,-5.4543],[-78.5184,-5.3993],[-78.5898,-5.3249],[-78.6262,-5.3064],[-78.6842,-5.2675],[-78.7091,-5.1796],[-78.7006,-5.1041],[-78.6577,-5.0674],[-78.6196,-5.0005],[-78.6458,-4.9623],[-78.6006,-4.7734],[-78.6447,-4.7365],[-78.6379,-4.658],[-78.706,-4.6239],[-78.6608,-4.5861],[-78.6611,-4.5301],[-78.6358,-4.5009],[-78.5989,-4.5091],[-78.5887,-4.562],[-78.5224,-4.5857],[-78.4658,-4.6485],[-78.4169,-4.6595],[-78.3613,-4.6477],[-78.3295,-4.6795],[-78.2772,-4.6628],[-78.2533,-4.7052],[-78.2189,-4.6585],[-78.1636,-4.6342],[-78.1332,-4.6649],[-78.1201,-4.6995],[-78.1452,-4.7581],[-78.1429,-4.8015],[-78.1194,-4.8402],[-78.1278,-4.8833],[-78.1633,-4.9474],[-78.1948,-5.0379],[-78.1588,-5.1099],[-78.0993,-5.1461],[-78.0569,-5.2086],[-78.0676,-5.2653],[-78.1061,-5.342],[-78.1463,-5.3399],[-78.1922,-5.4172],[-78.2389,-5.4704],[-78.3118,-5.486],[-78.3256,-5.5592],[-78.3165,-5.6176]]]}},{"type":"Feature","id":103,"properties":{"u":"0103","n":"Bongara","d":"Amazonas","c":[-5.6452,-77.8956]},"geometry":{"type":"Polygon","coordinates":[[[-77.9378,-6.0378],[-77.9798,-5.9648],[-78.0503,-5.9772],[-78.0788,-5.9541],[-78.0766,-5.9168],[-78.1308,-5.9026],[-78.1352,-5.8942],[-78.0963,-5.8375],[-78.0858,-5.7923],[-78.104,-5.755],[-77.9881,-5.5677],[-77.9913,-5.5141],[-77.9414,-5.4894],[-77.9314,-5.4608],[-77.9555,-5.3997],[-77.7453,-5.133],[-77.7083,-5.1508],[-77.7082,-5.1909],[-77.7396,-5.2126],[-77.6931,-5.2677],[-77.6821,-5.3384],[-77.7028,-5.3807],[-77.696,-5.4111],[-77.7448,-5.4069],[-77.7685,-5.438],[-77.7658,-5.539],[-77.7369,-5.6051],[-77.7737,-5.6852],[-77.7594,-5.7298],[-77.7704,-5.7881],[-77.7608,-5.8249],[-77.6779,-5.8596],[-77.6519,-5.9353],[-77.6717,-5.9741],[-77.7448,-5.9449],[-77.7745,-5.9743],[-77.7802,-5.9955],[-77.8062,-6.0319],[-77.8078,-6.0809],[-77.7905,-6.1239],[-77.8614,-6.1192],[-77.8909,-6.1027],[-77.9378,-6.0378]]]}},{"type":"Feature","id":104,"properties":{"u":"0104","n":"Condorcanqui","d":"Amazonas","c":[-4.1965,-78.0751]},"geometry":{"type":"Polygon","coordinates":[[[-77.591,-4.4827],[-77.6406,-4.4965],[-77.6719,-4.6295],[-77.6945,-4.6587],[-77.7719,-4.7176],[-77.7946,-4.763],[-77.7936,-4.85],[-77.7602,-4.9093],[-77.7593,-4.9518],[-77.8246,-5.0318],[-77.8223,-5.0818],[-77.7743,-5.0972],[-77.7453,-5.133],[-77.9555,-5.3997],[-78.0218,-5.3658],[-78.0732,-5.4092],[-78.1061,-5.342],[-78.0676,-5.2653],[-78.0569,-5.2086],[-78.0993,-5.1461],[-78.1588,-5.1099],[-78.1948,-5.0379],[-78.1633,-4.9474],[-78.1278,-4.8833],[-78.1194,-4.8402],[-78.1429,-4.8015],[-78.1452,-4.7581],[-78.1201,-4.6995],[-78.1332,-4.6649],[-78.1636,-4.6342],[-78.2189,-4.6585],[-78.2533,-4.7052],[-78.2772,-4.6628],[-78.3295,-4.6795],[-78.3613,-4.6477],[-78.4169,-4.6595],[-78.4658,-4.6485],[-78.5224,-4.5857],[-78.5887,-4.562],[-78.5989,-4.5091],[-78.6358,-4.5009],[-78.6341,-4.4132],[-78.6523,-4.3325],[-78.6182,-4.2942],[-78.5983,-4.2079],[-78.5787,-4.1978],[-78.5813,-4.1355],[-78.5408,-4.0739],[-78.5626,-4.0498],[-78.5661,-3.9933],[-78.5245,-3.9373],[-78.4887,-3.9336],[-78.4765,-3.8587],[-78.4139,-3.7926],[-78.4025,-3.7354],[-78.4227,-3.6909],[-78.4008,-3.6513],[-78.3877,-3.555],[-78.3649,-3.5297],[-78.3592,-3.4695],[-78.3187,-3.3951],[-78.2462,-3.4023],[-78.2173,-3.5089],[-78.1492,-3.4808],[-78.1549,-3.4116],[-78.1958,-3.3629],[-78.1712,-3.3508],[-77.9514,-3.0905],[-77.9325,-3.0353],[-77.8915,-3.009],[-77.8086,-2.9861],[-77.7785,-3.1872],[-77.7765,-3.4091],[-77.7605,-3.4598],[-77.6704,-3.5684],[-77.643,-3.6193],[-77.6169,-3.6343],[-77.6156,-3.7077],[-77.6518,-3.779],[-77.5694,-3.8727],[-77.5418,-3.9433],[-77.5381,-4.0287],[-77.5711,-4.1952],[-77.5856,-4.2513],[-77.5654,-4.3725],[-77.581,-4.4595],[-77.591,-4.4827]]]}},{"type":"Feature","id":105,"properties":{"u":"0105","n":"Luya","d":"Amazonas","c":[-6.3209,-78.1365]},"geometry":{"type":"Polygon","coordinates":[[[-78.0582,-6.6762],[-78.0943,-6.6573],[-78.1367,-6.5585],[-78.136,-6.5263],[-78.1765,-6.4758],[-78.2043,-6.4585],[-78.2552,-6.3948],[-78.2779,-6.389],[-78.3275,-6.3563],[-78.3597,-6.2812],[-78.4028,-6.2187],[-78.4197,-6.1884],[-78.3731,-6.1698],[-78.3681,-6.1086],[-78.3048,-6.0851],[-78.2844,-6.0642],[-78.2237,-6.0616],[-78.1721,-6.0138],[-78.1736,-6.002],[-78.1308,-5.9026],[-78.0766,-5.9168],[-78.0788,-5.9541],[-78.0503,-5.9772],[-77.9798,-5.9648],[-77.9378,-6.0378],[-77.8909,-6.1027],[-77.9058,-6.1571],[-77.9169,-6.231],[-77.9409,-6.2738],[-77.9361,-6.2855],[-77.9242,-6.3572],[-77.8747,-6.4231],[-77.8609,-6.4797],[-77.8311,-6.5378],[-77.8299,-6.5656],[-77.8121,-6.6113],[-77.802,-6.6548],[-77.8532,-6.6765],[-77.936,-6.6898],[-78.0359,-6.7432],[-78.0582,-6.6762]]]}},{"type":"Feature","id":106,"properties":{"u":"0106","n":"Rodriguez de Mendoza","d":"Amazonas","c":[-6.3451,-77.4896]},"geometry":{"type":"Polygon","coordinates":[[[-77.3817,-6.6976],[-77.4374,-6.701],[-77.4547,-6.6817],[-77.5441,-6.677],[-77.5637,-6.6441],[-77.6267,-6.6127],[-77.6665,-6.5783],[-77.7041,-6.5823],[-77.7262,-6.5521],[-77.7328,-6.4559],[-77.7451,-6.4273],[-77.7477,-6.3924],[-77.7299,-6.3716],[-77.6823,-6.3365],[-77.6352,-6.3161],[-77.6176,-6.2808],[-77.5679,-6.3095],[-77.5401,-6.2875],[-77.5298,-6.2457],[-77.4696,-6.1865],[-77.4982,-6.1564],[-77.5099,-6.0865],[-77.5338,-6.0634],[-77.4769,-6.0],[-77.4345,-6.0604],[-77.3955,-6.0394],[-77.3594,-6.0721],[-77.3464,-6.1143],[-77.2879,-6.1344],[-77.223,-6.1469],[-77.2041,-6.1829],[-77.1973,-6.2334],[-77.1327,-6.3024],[-77.1466,-6.3511],[-77.1717,-6.3812],[-77.2215,-6.3811],[-77.26,-6.3277],[-77.2868,-6.3391],[-77.2755,-6.3847],[-77.3322,-6.4875],[-77.3352,-6.5223],[-77.3939,-6.6027],[-77.4379,-6.6025],[-77.3817,-6.6976]]]}},{"type":"Feature","id":107,"properties":{"u":"0107","n":"Utcubamba","d":"Amazonas","c":[-5.7728,-78.3957]},"geometry":{"type":"Polygon","coordinates":[[[-78.3681,-6.1086],[-78.3731,-6.1698],[-78.4197,-6.1884],[-78.5223,-6.0725],[-78.5894,-6.0765],[-78.603,-6.0623],[-78.612,-6.0214],[-78.686,-5.9009],[-78.7006,-5.7852],[-78.6917,-5.7603],[-78.6524,-5.7228],[-78.6511,-5.6756],[-78.6048,-5.6072],[-78.5807,-5.5485],[-78.5547,-5.5381],[-78.5654,-5.5879],[-78.5336,-5.644],[-78.4978,-5.6814],[-78.4554,-5.733],[-78.4056,-5.6903],[-78.3681,-5.6268],[-78.3165,-5.6176],[-78.3256,-5.5592],[-78.3118,-5.486],[-78.2389,-5.4704],[-78.1922,-5.4172],[-78.1463,-5.3399],[-78.1061,-5.342],[-78.0732,-5.4092],[-78.0218,-5.3658],[-77.9555,-5.3997],[-77.9314,-5.4608],[-77.9414,-5.4894],[-77.9913,-5.5141],[-77.9881,-5.5677],[-78.104,-5.755],[-78.0858,-5.7923],[-78.0963,-5.8375],[-78.1352,-5.8942],[-78.1308,-5.9026],[-78.1736,-6.002],[-78.1721,-6.0138],[-78.2237,-6.0616],[-78.2844,-6.0642],[-78.3048,-6.0851],[-78.3681,-6.1086]]]}},{"type":"Feature","id":201,"properties":{"u":"0201","n":"Huaraz","d":"Áncash","c":[-9.5805,-77.6252]},"geometry":{"type":"Polygon","coordinates":[[[-77.8679,-9.7638],[-77.9614,-9.7802],[-77.9797,-9.7118],[-78.0419,-9.6899],[-78.0061,-9.6806],[-77.9648,-9.621],[-77.9468,-9.54],[-77.9183,-9.4998],[-77.901,-9.4422],[-77.8924,-9.4294],[-77.7789,-9.4251],[-77.7442,-9.3707],[-77.6839,-9.3836],[-77.6493,-9.4528],[-77.5809,-9.3923],[-77.5849,-9.3753],[-77.5667,-9.3792],[-77.4685,-9.3673],[-77.4021,-9.3473],[-77.3826,-9.3706],[-77.3301,-9.3824],[-77.3153,-9.412],[-77.3262,-9.4719],[-77.3103,-9.5147],[-77.3094,-9.5402],[-77.2697,-9.6487],[-77.3269,-9.6789],[-77.4244,-9.6797],[-77.4841,-9.6616],[-77.5256,-9.6896],[-77.5363,-9.7379],[-77.5388,-9.736],[-77.5416,-9.7059],[-77.6213,-9.6208],[-77.6986,-9.6972],[-77.7269,-9.7022],[-77.7604,-9.788],[-77.7808,-9.8007],[-77.8679,-9.7638]]]}},{"type":"Feature","id":202,"properties":{"u":"0202","n":"Aija","d":"Áncash","c":[-9.7729,-77.6374]},"geometry":{"type":"Polygon","coordinates":[[[-77.6589,-9.8646],[-77.7095,-9.8372],[-77.7637,-9.8724],[-77.7798,-9.9051],[-77.8259,-9.9143],[-77.8269,-9.8781],[-77.8539,-9.8171],[-77.9155,-9.8184],[-77.9614,-9.7802],[-77.8679,-9.7638],[-77.7808,-9.8007],[-77.7604,-9.788],[-77.7269,-9.7022],[-77.6986,-9.6972],[-77.6213,-9.6208],[-77.5416,-9.7059],[-77.5388,-9.736],[-77.5253,-9.7655],[-77.489,-9.8198],[-77.4789,-9.8738],[-77.5525,-9.8722],[-77.5574,-9.8691],[-77.6589,-9.8646]]]}},{"type":"Feature","id":203,"properties":{"u":"0203","n":"Antonio Raymondi","d":"Áncash","c":[-9.1444,-77.0602]},"geometry":{"type":"Polygon","coordinates":[[[-76.9838,-9.2453],[-76.9932,-9.2703],[-77.0123,-9.2988],[-77.0792,-9.2709],[-77.0935,-9.2125],[-77.0844,-9.1825],[-77.1422,-9.2024],[-77.1739,-9.16],[-77.1441,-9.0957],[-77.1524,-9.0337],[-77.1113,-9.0084],[-77.1031,-8.9724],[-77.0336,-9.0084],[-76.9801,-9.0629],[-76.945,-9.0744],[-76.9463,-9.1354],[-76.9612,-9.1535],[-76.9692,-9.2203],[-76.9838,-9.2453]]]}},{"type":"Feature","id":204,"properties":{"u":"0204","n":"Asuncion","d":"Áncash","c":[-9.1666,-77.416]},"geometry":{"type":"Polygon","coordinates":[[[-77.2621,-9.2078],[-77.2753,-9.2783],[-77.309,-9.2833],[-77.3192,-9.3241],[-77.3257,-9.31],[-77.4321,-9.2755],[-77.5176,-9.2359],[-77.5319,-9.1994],[-77.5167,-9.1339],[-77.4373,-9.0592],[-77.362,-9.065],[-77.366,-9.1139],[-77.2621,-9.2078]]]}},{"type":"Feature","id":205,"properties":{"u":"0205","n":"Bolognesi","d":"Áncash","c":[-10.1038,-77.0357]},"geometry":{"type":"Polygon","coordinates":[[[-77.2297,-10.33],[-77.241,-10.3059],[-77.2555,-10.2538],[-77.2698,-10.2575],[-77.3001,-10.2846],[-77.3271,-10.2562],[-77.3595,-10.292],[-77.3991,-10.272],[-77.4625,-10.2757],[-77.4815,-10.3462],[-77.5236,-10.3874],[-77.5994,-10.3833],[-77.6194,-10.3278],[-77.6492,-10.3435],[-77.6988,-10.3221],[-77.6964,-10.2569],[-77.6744,-10.2067],[-77.608,-10.2405],[-77.5677,-10.2362],[-77.546,-10.1754],[-77.5153,-10.1474],[-77.4709,-10.1554],[-77.4006,-10.1322],[-77.3458,-10.1605],[-77.32,-10.1274],[-77.2804,-10.1603],[-77.2128,-10.1337],[-77.2016,-10.0922],[-77.2239,-10.0394],[-77.2056,-9.967],[-77.1738,-9.9131],[-77.1871,-9.8362],[-77.1417,-9.8332],[-77.0949,-9.8408],[-77.0967,-9.8046],[-77.0489,-9.7959],[-77.0278,-9.7641],[-77.0238,-9.7043],[-76.981,-9.7246],[-76.9454,-9.7026],[-76.9014,-9.7705],[-76.8891,-9.8235],[-76.8693,-9.8604],[-76.8389,-9.9346],[-76.8137,-9.9616],[-76.824,-10.011],[-76.812,-10.0509],[-76.8799,-10.1166],[-76.9039,-10.1154],[-76.9155,-10.1199],[-76.9062,-10.2742],[-76.9655,-10.3054],[-77.0077,-10.2865],[-77.0247,-10.3275],[-77.0716,-10.3381],[-77.111,-10.4033],[-77.176,-10.4831],[-77.1894,-10.4605],[-77.1735,-10.4453],[-77.1665,-10.391],[-77.1582,-10.3619],[-77.2297,-10.33]]]}},{"type":"Feature","id":206,"properties":{"u":"0206","n":"Carhuaz","d":"Áncash","c":[-9.261,-77.5888]},"geometry":{"type":"Polygon","coordinates":[[[-77.6493,-9.4528],[-77.6839,-9.3836],[-77.7442,-9.3707],[-77.7574,-9.3443],[-77.7656,-9.2923],[-77.7245,-9.2764],[-77.6893,-9.2242],[-77.6806,-9.2465],[-77.6649,-9.2431],[-77.5956,-9.1842],[-77.5943,-9.132],[-77.5738,-9.0865],[-77.5303,-9.0829],[-77.4905,-9.1067],[-77.5167,-9.1339],[-77.5319,-9.1994],[-77.5176,-9.2359],[-77.4321,-9.2755],[-77.3257,-9.31],[-77.3192,-9.3241],[-77.3346,-9.3527],[-77.3301,-9.3824],[-77.3826,-9.3706],[-77.4021,-9.3473],[-77.4685,-9.3673],[-77.5667,-9.3792],[-77.5849,-9.3753],[-77.5809,-9.3923],[-77.6493,-9.4528]]]}},{"type":"Feature","id":207,"properties":{"u":"0207","n":"Carlos Fermin Fitzcarrald","d":"Áncash","c":[-9.0647,-77.256]},"geometry":{"type":"Polygon","coordinates":[[[-77.2083,-9.1652],[-77.2621,-9.2078],[-77.366,-9.1139],[-77.3595,-8.9772],[-77.3235,-8.9465],[-77.297,-8.9475],[-77.2463,-8.935],[-77.1886,-8.9284],[-77.1595,-8.8971],[-77.1031,-8.9724],[-77.1113,-9.0084],[-77.1524,-9.0337],[-77.1441,-9.0957],[-77.1739,-9.16],[-77.2083,-9.1652]]]}},{"type":"Feature","id":208,"properties":{"u":"0208","n":"Casma","d":"Áncash","c":[-9.4859,-78.1548]},"geometry":{"type":"Polygon","coordinates":[[[-78.368,-9.5553],[-78.3877,-9.5354],[-78.3977,-9.4721],[-78.3801,-9.4455],[-78.4279,-9.4113],[-78.4279,-9.3493],[-78.3978,-9.3361],[-78.3638,-9.2663],[-78.2608,-9.2009],[-78.2135,-9.2081],[-78.1755,-9.247],[-78.1439,-9.2672],[-78.0561,-9.2747],[-78.0597,-9.3308],[-78.0033,-9.381],[-78.0339,-9.41],[-77.9929,-9.4466],[-77.9327,-9.3949],[-77.901,-9.4422],[-77.9183,-9.4998],[-77.9468,-9.54],[-77.9648,-9.621],[-78.0061,-9.6806],[-78.0419,-9.6899],[-78.0874,-9.7205],[-78.1448,-9.7146],[-78.2088,-9.7663],[-78.2262,-9.7953],[-78.272,-9.7561],[-78.3176,-9.6827],[-78.3649,-9.6205],[-78.368,-9.5553]]]}},{"type":"Feature","id":209,"properties":{"u":"0209","n":"Corongo","d":"Áncash","c":[-8.5514,-77.869]},"geometry":{"type":"Polygon","coordinates":[[[-77.811,-8.662],[-77.88,-8.684],[-77.9185,-8.7469],[-77.972,-8.692],[-77.9721,-8.6886],[-78.0359,-8.6723],[-78.1058,-8.6598],[-78.1305,-8.6171],[-78.0682,-8.5642],[-78.0184,-8.5385],[-77.9928,-8.5324],[-77.9838,-8.5134],[-77.9339,-8.4493],[-77.9163,-8.458],[-77.8806,-8.4398],[-77.8607,-8.3934],[-77.7989,-8.3812],[-77.7554,-8.4163],[-77.7648,-8.441],[-77.7042,-8.5099],[-77.6906,-8.5695],[-77.6957,-8.6023],[-77.7207,-8.6565],[-77.7764,-8.6695],[-77.811,-8.662]]]}},{"type":"Feature","id":210,"properties":{"u":"0210","n":"Huari","d":"Áncash","c":[-9.4479,-77.1313]},"geometry":{"type":"Polygon","coordinates":[[[-77.2514,-9.6886],[-77.2697,-9.6487],[-77.3094,-9.5402],[-77.3103,-9.5147],[-77.3262,-9.4719],[-77.3153,-9.412],[-77.3301,-9.3824],[-77.3346,-9.3527],[-77.3192,-9.3241],[-77.309,-9.2833],[-77.2753,-9.2783],[-77.2621,-9.2078],[-77.2083,-9.1652],[-77.1739,-9.16],[-77.1422,-9.2024],[-77.0844,-9.1825],[-77.0935,-9.2125],[-77.0792,-9.2709],[-77.0123,-9.2988],[-76.9932,-9.2703],[-76.9838,-9.2453],[-76.9692,-9.2203],[-76.9612,-9.1535],[-76.9463,-9.1354],[-76.945,-9.0744],[-76.9174,-9.0755],[-76.8972,-9.0984],[-76.7886,-9.1362],[-76.7569,-9.1815],[-76.7443,-9.1937],[-76.7257,-9.2566],[-76.7395,-9.2845],[-76.7493,-9.3444],[-76.7646,-9.3672],[-76.8144,-9.326],[-76.8368,-9.2635],[-76.8428,-9.2617],[-76.8701,-9.3009],[-76.9096,-9.3685],[-76.924,-9.3825],[-76.9361,-9.4059],[-76.9292,-9.4261],[-76.9523,-9.4697],[-76.938,-9.5266],[-76.9531,-9.5473],[-76.975,-9.5634],[-76.9953,-9.6034],[-77.0485,-9.6475],[-77.0238,-9.7043],[-77.0278,-9.7641],[-77.0489,-9.7959],[-77.0967,-9.8046],[-77.0949,-9.8408],[-77.1417,-9.8332],[-77.1871,-9.8362],[-77.2438,-9.8057],[-77.2278,-9.7134],[-77.2514,-9.6886]]]}},{"type":"Feature","id":211,"properties":{"u":"0211","n":"Huarmey","d":"Áncash","c":[-10.1496,-77.9133]},"geometry":{"type":"Polygon","coordinates":[[[-77.6314,-10.022],[-77.7506,-10.0062],[-77.7639,-9.9899],[-77.7559,-10.0397],[-77.7219,-10.0787],[-77.6988,-10.1414],[-77.6563,-10.152],[-77.6744,-10.2067],[-77.6964,-10.2569],[-77.6988,-10.3221],[-77.757,-10.3442],[-77.7602,-10.4302],[-77.7962,-10.4833],[-77.7724,-10.5125],[-77.7714,-10.5716],[-77.833,-10.5675],[-77.8863,-10.6119],[-77.9082,-10.5443],[-77.9606,-10.4925],[-77.9803,-10.4395],[-78.0148,-10.4096],[-78.0106,-10.3747],[-78.0545,-10.346],[-78.0579,-10.3014],[-78.0851,-10.2677],[-78.1023,-10.2002],[-78.1636,-10.1472],[-78.1753,-10.0458],[-78.1961,-9.9949],[-78.2268,-9.9537],[-78.2245,-9.9072],[-78.2426,-9.8736],[-78.2262,-9.7953],[-78.2088,-9.7663],[-78.1448,-9.7146],[-78.0874,-9.7205],[-78.0419,-9.6899],[-77.9797,-9.7118],[-77.9614,-9.7802],[-77.9155,-9.8184],[-77.8539,-9.8171],[-77.8269,-9.8781],[-77.8259,-9.9143],[-77.7798,-9.9051],[-77.7637,-9.8724],[-77.7095,-9.8372],[-77.6589,-9.8646],[-77.5574,-9.8691],[-77.5525,-9.8722],[-77.5981,-9.9374],[-77.6314,-10.022]]]}},{"type":"Feature","id":212,"properties":{"u":"0212","n":"Huaylas","d":"Áncash","c":[-8.9383,-77.7715]},"geometry":{"type":"Polygon","coordinates":[[[-77.7823,-9.2172],[-77.8155,-9.2266],[-77.8395,-9.2176],[-77.8613,-9.2512],[-78.0372,-9.2437],[-78.0668,-9.186],[-78.0213,-9.1715],[-78.0622,-9.1284],[-78.0593,-9.0861],[-78.021,-9.0508],[-77.9972,-9.0172],[-77.9424,-8.9786],[-77.942,-8.92],[-78.0008,-8.8419],[-77.9915,-8.7994],[-78.0146,-8.7664],[-77.9955,-8.7072],[-77.972,-8.692],[-77.9185,-8.7469],[-77.88,-8.684],[-77.811,-8.662],[-77.7764,-8.6695],[-77.7207,-8.6565],[-77.6144,-8.751],[-77.5927,-8.7577],[-77.5812,-8.7711],[-77.6083,-8.8722],[-77.5778,-8.8938],[-77.5743,-8.9004],[-77.6136,-8.9565],[-77.6146,-8.9938],[-77.6998,-9.0569],[-77.7829,-9.0832],[-77.773,-9.1017],[-77.7836,-9.1169],[-77.7823,-9.2172]]]}},{"type":"Feature","id":213,"properties":{"u":"0213","n":"Mariscal Luzuriaga","d":"Áncash","c":[-8.8598,-77.2967]},"geometry":{"type":"Polygon","coordinates":[[[-77.4451,-8.9902],[-77.4865,-9.0073],[-77.5527,-8.9878],[-77.5446,-8.9347],[-77.5635,-8.9034],[-77.5061,-8.9206],[-77.4865,-8.9056],[-77.3678,-8.9086],[-77.4028,-8.8725],[-77.44,-8.847],[-77.4379,-8.8135],[-77.3896,-8.7762],[-77.395,-8.7701],[-77.2798,-8.7028],[-77.2474,-8.7128],[-77.2229,-8.7703],[-77.1748,-8.8336],[-77.1766,-8.8459],[-77.1595,-8.8971],[-77.1886,-8.9284],[-77.2463,-8.935],[-77.297,-8.9475],[-77.3235,-8.9465],[-77.3595,-8.9772],[-77.3863,-8.9951],[-77.4451,-8.9902]]]}},{"type":"Feature","id":214,"properties":{"u":"0214","n":"Ocros","d":"Áncash","c":[-10.5162,-77.4541]},"geometry":{"type":"Polygon","coordinates":[[[-77.176,-10.4831],[-77.1888,-10.5422],[-77.2708,-10.5606],[-77.2923,-10.5566],[-77.3447,-10.608],[-77.3469,-10.6064],[-77.3953,-10.6615],[-77.3856,-10.7076],[-77.495,-10.7461],[-77.5266,-10.7363],[-77.5968,-10.7862],[-77.5786,-10.7237],[-77.5741,-10.6627],[-77.5767,-10.5837],[-77.6407,-10.5963],[-77.6443,-10.5274],[-77.6878,-10.5373],[-77.7363,-10.5685],[-77.7446,-10.5323],[-77.7113,-10.5049],[-77.6839,-10.4314],[-77.5994,-10.3833],[-77.5236,-10.3874],[-77.4815,-10.3462],[-77.4625,-10.2757],[-77.3991,-10.272],[-77.3595,-10.292],[-77.3271,-10.2562],[-77.3001,-10.2846],[-77.2698,-10.2575],[-77.2555,-10.2538],[-77.241,-10.3059],[-77.2297,-10.33],[-77.1582,-10.3619],[-77.1665,-10.391],[-77.1735,-10.4453],[-77.1894,-10.4605],[-77.176,-10.4831]]]}},{"type":"Feature","id":215,"properties":{"u":"0215","n":"Pallasca","d":"Áncash","c":[-8.3742,-77.9581]},"geometry":{"type":"Polygon","coordinates":[[[-78.1058,-8.6598],[-78.1847,-8.694],[-78.2356,-8.6529],[-78.1935,-8.6001],[-78.2169,-8.5569],[-78.1725,-8.5016],[-78.1395,-8.4278],[-78.1355,-8.3672],[-78.1164,-8.3107],[-78.0285,-8.2383],[-77.9796,-8.2112],[-77.9426,-8.2014],[-77.8979,-8.0741],[-77.8104,-8.0677],[-77.7858,-8.0792],[-77.7194,-8.0734],[-77.6474,-8.0497],[-77.6188,-8.0798],[-77.6245,-8.1175],[-77.6057,-8.1548],[-77.5572,-8.1937],[-77.5703,-8.2552],[-77.6356,-8.2692],[-77.6597,-8.308],[-77.7057,-8.3094],[-77.7414,-8.3596],[-77.7989,-8.3812],[-77.8607,-8.3934],[-77.8806,-8.4398],[-77.9163,-8.458],[-77.9339,-8.4493],[-77.9838,-8.5134],[-77.9928,-8.5324],[-78.0184,-8.5385],[-78.0682,-8.5642],[-78.1305,-8.6171],[-78.1058,-8.6598]]]}},{"type":"Feature","id":216,"properties":{"u":"0216","n":"Pomabamba","d":"Áncash","c":[-8.7352,-77.4514]},"geometry":{"type":"Polygon","coordinates":[[[-77.3678,-8.9086],[-77.4865,-8.9056],[-77.5061,-8.9206],[-77.5743,-8.9004],[-77.5778,-8.8938],[-77.6083,-8.8722],[-77.5812,-8.7711],[-77.5927,-8.7577],[-77.5229,-8.6954],[-77.486,-8.6834],[-77.5016,-8.6144],[-77.4757,-8.5762],[-77.366,-8.5071],[-77.3175,-8.5302],[-77.289,-8.5893],[-77.2873,-8.6427],[-77.2606,-8.6485],[-77.2474,-8.7128],[-77.2798,-8.7028],[-77.395,-8.7701],[-77.3896,-8.7762],[-77.4379,-8.8135],[-77.44,-8.847],[-77.4028,-8.8725],[-77.3678,-8.9086]]]}},{"type":"Feature","id":217,"properties":{"u":"0217","n":"Recuay","d":"Áncash","c":[-9.9522,-77.4004]},"geometry":{"type":"Polygon","coordinates":[[[-77.608,-10.2405],[-77.6744,-10.2067],[-77.6563,-10.152],[-77.6988,-10.1414],[-77.7219,-10.0787],[-77.7559,-10.0397],[-77.7639,-9.9899],[-77.7506,-10.0062],[-77.6314,-10.022],[-77.5981,-9.9374],[-77.5525,-9.8722],[-77.4789,-9.8738],[-77.489,-9.8198],[-77.5253,-9.7655],[-77.5363,-9.7379],[-77.5256,-9.6896],[-77.4841,-9.6616],[-77.4244,-9.6797],[-77.3269,-9.6789],[-77.2697,-9.6487],[-77.2514,-9.6886],[-77.2278,-9.7134],[-77.2438,-9.8057],[-77.1871,-9.8362],[-77.1738,-9.9131],[-77.2056,-9.967],[-77.2239,-10.0394],[-77.2016,-10.0922],[-77.2128,-10.1337],[-77.2804,-10.1603],[-77.32,-10.1274],[-77.3458,-10.1605],[-77.4006,-10.1322],[-77.4709,-10.1554],[-77.5153,-10.1474],[-77.546,-10.1754],[-77.5677,-10.2362],[-77.608,-10.2405]]]}},{"type":"Feature","id":218,"properties":{"u":"0218","n":"Santa","d":"Áncash","c":[-8.9974,-78.3]},"geometry":{"type":"Polygon","coordinates":[[[-78.4751,-9.3315],[-78.509,-9.2788],[-78.4882,-9.2017],[-78.5587,-9.147],[-78.5709,-9.0982],[-78.6248,-9.0781],[-78.6377,-9.0475],[-78.6214,-9.0163],[-78.6449,-8.9692],[-78.6048,-8.9549],[-78.5765,-8.889],[-78.5883,-8.8587],[-78.5516,-8.775],[-78.5181,-8.753],[-78.4482,-8.7369],[-78.3548,-8.6733],[-78.2356,-8.6529],[-78.1847,-8.694],[-78.1058,-8.6598],[-78.0359,-8.6723],[-77.9721,-8.6886],[-77.972,-8.692],[-77.9955,-8.7072],[-78.0146,-8.7664],[-77.9915,-8.7994],[-78.0008,-8.8419],[-77.942,-8.92],[-77.9424,-8.9786],[-77.9972,-9.0172],[-78.021,-9.0508],[-78.0593,-9.0861],[-78.0622,-9.1284],[-78.0213,-9.1715],[-78.0668,-9.186],[-78.0372,-9.2437],[-78.0561,-9.2747],[-78.1439,-9.2672],[-78.1755,-9.247],[-78.2135,-9.2081],[-78.2608,-9.2009],[-78.3638,-9.2663],[-78.3978,-9.3361],[-78.4279,-9.3493],[-78.4751,-9.3315]]]}},{"type":"Feature","id":219,"properties":{"u":"0219","n":"Sihuas","d":"Áncash","c":[-8.4906,-77.5533]},"geometry":{"type":"Polygon","coordinates":[[[-77.486,-8.6834],[-77.5229,-8.6954],[-77.5927,-8.7577],[-77.6144,-8.751],[-77.7207,-8.6565],[-77.6957,-8.6023],[-77.6906,-8.5695],[-77.7042,-8.5099],[-77.7648,-8.441],[-77.7554,-8.4163],[-77.7989,-8.3812],[-77.7414,-8.3596],[-77.7057,-8.3094],[-77.6597,-8.308],[-77.6356,-8.2692],[-77.5703,-8.2552],[-77.5658,-8.2372],[-77.5058,-8.2734],[-77.4752,-8.3179],[-77.4474,-8.3688],[-77.4379,-8.4163],[-77.4055,-8.4415],[-77.4003,-8.482],[-77.3706,-8.4993],[-77.366,-8.5071],[-77.4757,-8.5762],[-77.5016,-8.6144],[-77.486,-8.6834]]]}},{"type":"Feature","id":220,"properties":{"u":"0220","n":"Yungay","d":"Áncash","c":[-9.1581,-77.689]},"geometry":{"type":"Polygon","coordinates":[[[-78.0033,-9.381],[-78.0597,-9.3308],[-78.0561,-9.2747],[-78.0372,-9.2437],[-77.8613,-9.2512],[-77.8395,-9.2176],[-77.8155,-9.2266],[-77.7823,-9.2172],[-77.7836,-9.1169],[-77.773,-9.1017],[-77.7829,-9.0832],[-77.6998,-9.0569],[-77.6146,-8.9938],[-77.6136,-8.9565],[-77.5743,-8.9004],[-77.5635,-8.9034],[-77.5446,-8.9347],[-77.5527,-8.9878],[-77.4865,-9.0073],[-77.4451,-8.9902],[-77.3863,-8.9951],[-77.3595,-8.9772],[-77.362,-9.065],[-77.4373,-9.0592],[-77.4905,-9.1067],[-77.5303,-9.0829],[-77.5738,-9.0865],[-77.5943,-9.132],[-77.5956,-9.1842],[-77.6649,-9.2431],[-77.6806,-9.2465],[-77.6893,-9.2242],[-77.7245,-9.2764],[-77.7656,-9.2923],[-77.7574,-9.3443],[-77.7442,-9.3707],[-77.7789,-9.4251],[-77.8924,-9.4294],[-77.901,-9.4422],[-77.9327,-9.3949],[-77.9929,-9.4466],[-78.0339,-9.41],[-78.0033,-9.381]]]}},{"type":"Feature","id":301,"properties":{"u":"0301","n":"Abancay","d":"Apurímac","c":[-13.7835,-72.9177]},"geometry":{"type":"Polygon","coordinates":[[[-73.0219,-14.021],[-73.0454,-13.9005],[-73.0737,-13.897],[-73.1719,-13.8036],[-73.1603,-13.7768],[-73.1031,-13.7631],[-73.0733,-13.7311],[-72.9777,-13.7003],[-72.9446,-13.6521],[-73.0129,-13.5744],[-73.042,-13.5625],[-73.0417,-13.5412],[-73.1264,-13.4865],[-73.1602,-13.4433],[-73.1034,-13.4486],[-73.0151,-13.4267],[-72.9715,-13.3902],[-72.8981,-13.3879],[-72.8591,-13.4186],[-72.7934,-13.4261],[-72.7503,-13.4782],[-72.6957,-13.5104],[-72.6568,-13.5134],[-72.6369,-13.5421],[-72.5759,-13.5628],[-72.5481,-13.556],[-72.4513,-13.6],[-72.4,-13.6333],[-72.3998,-13.6418],[-72.4372,-13.6808],[-72.4493,-13.7638],[-72.4604,-13.7902],[-72.5014,-13.7469],[-72.5535,-13.7508],[-72.5736,-13.7318],[-72.6789,-13.776],[-72.6401,-13.8189],[-72.638,-13.8622],[-72.7358,-13.9145],[-72.7492,-13.9665],[-72.758,-13.9634],[-72.7889,-13.9805],[-72.8172,-14.0955],[-72.8512,-14.0941],[-72.8924,-14.1704],[-72.9137,-14.1473],[-72.975,-14.1304],[-73.0197,-14.1126],[-73.0263,-14.0767],[-73.0219,-14.021]]]}},{"type":"Feature","id":302,"properties":{"u":"0302","n":"Andahuaylas","d":"Apurímac","c":[-13.9779,-73.4984]},"geometry":{"type":"Polygon","coordinates":[[[-73.4602,-14.4403],[-73.507,-14.5443],[-73.569,-14.4593],[-73.5817,-14.4161],[-73.5596,-14.4099],[-73.5338,-14.3543],[-73.5122,-14.2682],[-73.5779,-14.1447],[-73.5866,-14.1103],[-73.6144,-14.0765],[-73.6217,-14.0327],[-73.6197,-14.0167],[-73.6546,-13.9391],[-73.6938,-13.886],[-73.6969,-13.8498],[-73.7243,-13.8212],[-73.7479,-13.7634],[-73.6737,-13.7307],[-73.6062,-13.7288],[-73.615,-13.7036],[-73.5929,-13.6465],[-73.6044,-13.6099],[-73.5704,-13.5963],[-73.5284,-13.6156],[-73.5005,-13.5962],[-73.4507,-13.59],[-73.4802,-13.5206],[-73.4727,-13.4891],[-73.4454,-13.4304],[-73.4033,-13.4448],[-73.3472,-13.4348],[-73.3322,-13.4561],[-73.3132,-13.4472],[-73.2365,-13.4767],[-73.2119,-13.4191],[-73.1602,-13.4433],[-73.1264,-13.4865],[-73.0417,-13.5412],[-73.042,-13.5625],[-73.0129,-13.5744],[-72.9446,-13.6521],[-72.9777,-13.7003],[-73.0733,-13.7311],[-73.1031,-13.7631],[-73.1603,-13.7768],[-73.1719,-13.8036],[-73.1828,-13.8003],[-73.1957,-13.8169],[-73.2194,-13.8276],[-73.245,-13.8151],[-73.2961,-13.8959],[-73.3545,-13.9266],[-73.3457,-13.937],[-73.3788,-14.0336],[-73.3727,-14.0713],[-73.4098,-14.1073],[-73.3965,-14.1594],[-73.3688,-14.3107],[-73.409,-14.3361],[-73.4531,-14.4025],[-73.4602,-14.4403]]]}},{"type":"Feature","id":303,"properties":{"u":"0303","n":"Antabamba","d":"Apurímac","c":[-14.4386,-72.6726]},"geometry":{"type":"Polygon","coordinates":[[[-72.8464,-14.7599],[-72.8656,-14.7107],[-72.9985,-14.6625],[-73.0174,-14.6307],[-72.9974,-14.5814],[-72.9978,-14.4821],[-72.9805,-14.4411],[-73.0082,-14.4255],[-73.014,-14.4181],[-73.0475,-14.345],[-73.0826,-14.3288],[-73.0458,-14.2631],[-73.079,-14.1472],[-73.0197,-14.1126],[-72.975,-14.1304],[-72.9137,-14.1473],[-72.8924,-14.1704],[-72.8849,-14.2339],[-72.8731,-14.267],[-72.7863,-14.2909],[-72.7492,-14.2597],[-72.7096,-14.2756],[-72.7078,-14.3407],[-72.6704,-14.3622],[-72.6362,-14.3562],[-72.6262,-14.2828],[-72.6008,-14.2385],[-72.5699,-14.2546],[-72.5077,-14.2072],[-72.4843,-14.2002],[-72.4434,-14.2264],[-72.4171,-14.2796],[-72.3509,-14.3037],[-72.3685,-14.3509],[-72.3576,-14.436],[-72.4019,-14.4839],[-72.4275,-14.479],[-72.5029,-14.5517],[-72.4617,-14.6059],[-72.4718,-14.6614],[-72.5772,-14.6866],[-72.5944,-14.7137],[-72.611,-14.6761],[-72.6518,-14.669],[-72.7247,-14.6759],[-72.7897,-14.6502],[-72.8286,-14.7026],[-72.8464,-14.7599]]]}},{"type":"Feature","id":304,"properties":{"u":"0304","n":"Aymaraes","d":"Apurímac","c":[-14.3198,-73.2303]},"geometry":{"type":"Polygon","coordinates":[[[-72.9805,-14.4411],[-72.9978,-14.4821],[-72.9974,-14.5814],[-73.0174,-14.6307],[-73.1065,-14.6907],[-73.1532,-14.6743],[-73.1904,-14.7058],[-73.2561,-14.709],[-73.28,-14.7316],[-73.3508,-14.704],[-73.3904,-14.7161],[-73.4163,-14.7713],[-73.485,-14.8426],[-73.5653,-14.7758],[-73.5711,-14.6873],[-73.5101,-14.6501],[-73.5334,-14.581],[-73.507,-14.5443],[-73.4602,-14.4403],[-73.4531,-14.4025],[-73.409,-14.3361],[-73.3688,-14.3107],[-73.3965,-14.1594],[-73.4098,-14.1073],[-73.3727,-14.0713],[-73.3788,-14.0336],[-73.3457,-13.937],[-73.3545,-13.9266],[-73.2961,-13.8959],[-73.245,-13.8151],[-73.2194,-13.8276],[-73.1957,-13.8169],[-73.1828,-13.8003],[-73.1719,-13.8036],[-73.0737,-13.897],[-73.0454,-13.9005],[-73.0219,-14.021],[-73.0263,-14.0767],[-73.0197,-14.1126],[-73.079,-14.1472],[-73.0458,-14.2631],[-73.0826,-14.3288],[-73.0475,-14.345],[-73.014,-14.4181],[-73.0082,-14.4255],[-72.9805,-14.4411]]]}},{"type":"Feature","id":305,"properties":{"u":"0305","n":"Cotabambas","d":"Apurímac","c":[-14.041,-72.2465]},"geometry":{"type":"Polygon","coordinates":[[[-72.1871,-14.3132],[-72.2395,-14.3485],[-72.2495,-14.4029],[-72.3197,-14.4406],[-72.3576,-14.436],[-72.3685,-14.3509],[-72.3509,-14.3037],[-72.4171,-14.2796],[-72.4434,-14.2264],[-72.4798,-14.2017],[-72.4625,-14.1831],[-72.421,-14.2084],[-72.3863,-14.2067],[-72.3817,-14.1682],[-72.3517,-14.1397],[-72.3686,-14.0797],[-72.4223,-14.067],[-72.4458,-14.015],[-72.45,-13.9223],[-72.4809,-13.8793],[-72.4759,-13.8138],[-72.4604,-13.7902],[-72.4493,-13.7638],[-72.4372,-13.6808],[-72.3998,-13.6418],[-72.4017,-13.6595],[-72.2992,-13.7044],[-72.2774,-13.6841],[-72.2307,-13.7061],[-72.2287,-13.7141],[-72.1664,-13.7474],[-72.1347,-13.7835],[-72.0912,-13.8854],[-72.0557,-13.9349],[-72.0517,-14.0124],[-72.0679,-14.0765],[-72.0586,-14.1083],[-72.0952,-14.1737],[-72.0815,-14.2023],[-72.1157,-14.2456],[-72.1612,-14.2638],[-72.1871,-14.3132]]]}},{"type":"Feature","id":306,"properties":{"u":"0306","n":"Chincheros","d":"Apurímac","c":[-13.4516,-73.6449]},"geometry":{"type":"Polygon","coordinates":[[[-73.6062,-13.7288],[-73.6737,-13.7307],[-73.7567,-13.6507],[-73.7919,-13.641],[-73.8055,-13.5747],[-73.8037,-13.5579],[-73.8172,-13.5053],[-73.8335,-13.4718],[-73.838,-13.3844],[-73.832,-13.3307],[-73.808,-13.3038],[-73.8232,-13.2473],[-73.808,-13.2218],[-73.7726,-13.1751],[-73.7283,-13.1948],[-73.7262,-13.2687],[-73.6419,-13.2995],[-73.575,-13.338],[-73.5111,-13.383],[-73.4809,-13.4314],[-73.4454,-13.4304],[-73.4727,-13.4891],[-73.4802,-13.5206],[-73.4507,-13.59],[-73.5005,-13.5962],[-73.5284,-13.6156],[-73.5704,-13.5963],[-73.6044,-13.6099],[-73.5929,-13.6465],[-73.615,-13.7036],[-73.6062,-13.7288]]]}},{"type":"Feature","id":307,"properties":{"u":"0307","n":"Grau","d":"Apurímac","c":[-14.041,-72.6189]},"geometry":{"type":"Polygon","coordinates":[[[-72.7078,-14.3407],[-72.7096,-14.2756],[-72.7492,-14.2597],[-72.7863,-14.2909],[-72.8731,-14.267],[-72.8849,-14.2339],[-72.8924,-14.1704],[-72.8512,-14.0941],[-72.8172,-14.0955],[-72.7889,-13.9805],[-72.758,-13.9634],[-72.7492,-13.9665],[-72.7358,-13.9145],[-72.638,-13.8622],[-72.6401,-13.8189],[-72.6789,-13.776],[-72.5736,-13.7318],[-72.5535,-13.7508],[-72.5014,-13.7469],[-72.4604,-13.7902],[-72.4759,-13.8138],[-72.4809,-13.8793],[-72.45,-13.9223],[-72.4458,-14.015],[-72.4223,-14.067],[-72.3686,-14.0797],[-72.3517,-14.1397],[-72.3817,-14.1682],[-72.3863,-14.2067],[-72.421,-14.2084],[-72.4625,-14.1831],[-72.4798,-14.2017],[-72.4843,-14.2002],[-72.5077,-14.2072],[-72.5699,-14.2546],[-72.6008,-14.2385],[-72.6262,-14.2828],[-72.6362,-14.3562],[-72.6704,-14.3622],[-72.7078,-14.3407]]]}},{"type":"Feature","id":401,"properties":{"u":"0401","n":"Arequipa","d":"Arequipa","c":[-16.3709,-71.6731]},"geometry":{"type":"Polygon","coordinates":[[[-71.5313,-16.7286],[-71.5355,-16.7008],[-71.6287,-16.6837],[-71.667,-16.7016],[-71.7444,-16.6981],[-71.8695,-16.786],[-71.8707,-16.7134],[-71.91,-16.675],[-71.9967,-16.7996],[-72.0969,-16.7676],[-72.1319,-16.7667],[-72.1788,-16.708],[-72.2834,-16.6346],[-72.2785,-16.6093],[-72.1951,-16.4833],[-72.1995,-16.4587],[-72.1443,-16.3506],[-72.1307,-16.3101],[-72.0856,-16.2454],[-72.0913,-16.1893],[-72.0566,-16.2075],[-71.9962,-16.1386],[-71.9573,-16.1437],[-71.9069,-16.1582],[-71.8152,-16.0508],[-71.738,-16.0162],[-71.707,-15.9838],[-71.7043,-15.9337],[-71.6521,-15.9832],[-71.5776,-15.9909],[-71.5292,-15.93],[-71.3705,-15.9269],[-71.3086,-15.9549],[-71.2081,-16.0236],[-71.1389,-15.9826],[-71.0439,-15.981],[-70.9613,-15.9696],[-70.9189,-15.9481],[-70.8755,-15.9473],[-70.8453,-15.9219],[-70.8202,-15.9785],[-70.8126,-16.054],[-70.8567,-16.0563],[-70.8751,-16.0946],[-70.8539,-16.2415],[-70.957,-16.3084],[-70.9863,-16.3099],[-70.9638,-16.3997],[-70.9529,-16.461],[-70.9795,-16.4806],[-71.0373,-16.4857],[-71.0934,-16.4623],[-71.1395,-16.475],[-71.2421,-16.4631],[-71.2493,-16.4824],[-71.2448,-16.5502],[-71.2792,-16.6158],[-71.2858,-16.7164],[-71.3276,-16.7523],[-71.3694,-16.7197],[-71.4812,-16.7638],[-71.5313,-16.7286]],[[-71.1032,-16.4087],[-71.0964,-16.3508],[-71.1974,-16.3569],[-71.1856,-16.385],[-71.1032,-16.4087]]]}},{"type":"Feature","id":402,"properties":{"u":"0402","n":"Camana","d":"Arequipa","c":[-16.3988,-72.9877]},"geometry":{"type":"Polygon","coordinates":[[[-72.1788,-16.708],[-72.1319,-16.7667],[-72.1529,-16.7947],[-72.2056,-16.799],[-72.2238,-16.8345],[-72.172,-16.8499],[-72.164,-16.8894],[-72.1845,-16.9248],[-72.2115,-16.9024],[-72.2883,-16.8753],[-72.2954,-16.8274],[-72.3593,-16.7642],[-72.4472,-16.704],[-72.6124,-16.6641],[-72.7034,-16.6533],[-72.7252,-16.6481],[-72.7719,-16.6288],[-72.8453,-16.5672],[-72.9163,-16.5204],[-73.015,-16.5092],[-73.1592,-16.4199],[-73.2152,-16.4002],[-73.2916,-16.4054],[-73.2423,-16.3563],[-73.1999,-16.2195],[-73.2032,-16.153],[-73.222,-16.1192],[-73.2346,-16.0362],[-73.225,-15.985],[-73.2332,-15.8741],[-73.174,-15.9121],[-73.1512,-15.9797],[-73.1068,-15.9885],[-73.0649,-16.0186],[-72.9979,-16.0193],[-72.8958,-16.0414],[-72.8433,-16.1262],[-72.8412,-16.1745],[-72.8101,-16.2214],[-72.7992,-16.3042],[-72.7213,-16.3552],[-72.7062,-16.379],[-72.6699,-16.4244],[-72.6234,-16.457],[-72.5597,-16.3975],[-72.5335,-16.4098],[-72.4664,-16.3832],[-72.4847,-16.4511],[-72.512,-16.4914],[-72.6047,-16.5372],[-72.5868,-16.5409],[-72.583,-16.5595],[-72.4984,-16.5716],[-72.4536,-16.559],[-72.4343,-16.6057],[-72.2887,-16.5862],[-72.2542,-16.5334],[-72.1993,-16.4838],[-72.1995,-16.4587],[-72.1951,-16.4833],[-72.2785,-16.6093],[-72.2834,-16.6346],[-72.1788,-16.708]]]}},{"type":"Feature","id":403,"properties":{"u":"0403","n":"Caraveli","d":"Arequipa","c":[-15.7589,-73.8556]},"geometry":{"type":"Polygon","coordinates":[[[-74.2914,-15.8369],[-74.3279,-15.8487],[-74.3933,-15.8293],[-74.4532,-15.7664],[-74.4628,-15.7265],[-74.652,-15.6564],[-74.7497,-15.6004],[-74.8278,-15.5684],[-74.91,-15.5121],[-74.9672,-15.4905],[-75.0068,-15.46],[-75.0733,-15.4429],[-75.0497,-15.4345],[-75.0039,-15.3302],[-74.9682,-15.2994],[-74.9399,-15.206],[-74.8706,-15.1512],[-74.8552,-15.1538],[-74.7623,-15.0981],[-74.7186,-15.1357],[-74.606,-15.1485],[-74.5525,-15.1399],[-74.5018,-15.1606],[-74.4183,-15.169],[-74.3928,-15.1974],[-74.3879,-15.2518],[-74.4129,-15.3016],[-74.3779,-15.3319],[-74.3097,-15.3589],[-74.3284,-15.391],[-74.3001,-15.4784],[-74.2412,-15.481],[-74.1937,-15.4917],[-74.1665,-15.484],[-74.1513,-15.4288],[-74.0945,-15.392],[-74.0537,-15.4177],[-74.0373,-15.4561],[-74.0849,-15.5915],[-74.0686,-15.6299],[-74.0194,-15.5992],[-74.0094,-15.568],[-73.9611,-15.5239],[-73.9125,-15.4563],[-73.8766,-15.4392],[-73.8749,-15.3551],[-73.8601,-15.3261],[-73.808,-15.3243],[-73.7589,-15.3853],[-73.6881,-15.4372],[-73.5574,-15.4086],[-73.4411,-15.3557],[-73.3922,-15.3987],[-73.3363,-15.4051],[-73.2748,-15.393],[-73.2054,-15.5106],[-73.2263,-15.5703],[-73.225,-15.6638],[-73.2554,-15.7515],[-73.2624,-15.8255],[-73.2332,-15.8741],[-73.225,-15.985],[-73.2346,-16.0362],[-73.222,-16.1192],[-73.2032,-16.153],[-73.1999,-16.2195],[-73.2423,-16.3563],[-73.2916,-16.4054],[-73.3142,-16.3387],[-73.4513,-16.2813],[-73.6199,-16.2301],[-73.6994,-16.2207],[-73.7279,-16.1952],[-73.8694,-16.1355],[-73.9017,-16.1036],[-73.9899,-16.039],[-74.0545,-15.9545],[-74.2096,-15.8879],[-74.2914,-15.8369]]]}},{"type":"Feature","id":404,"properties":{"u":"0404","n":"Castilla","d":"Arequipa","c":[-15.6336,-72.4252]},"geometry":{"type":"Polygon","coordinates":[[[-72.3576,-16.1703],[-72.375,-16.2821],[-72.4425,-16.3314],[-72.4664,-16.3832],[-72.5335,-16.4098],[-72.5597,-16.3975],[-72.5936,-16.4305],[-72.6206,-16.354],[-72.6555,-16.2911],[-72.6511,-16.2478],[-72.6874,-16.2185],[-72.6872,-16.1198],[-72.7131,-16.0538],[-72.6787,-15.9812],[-72.6736,-16.0103],[-72.6031,-16.0172],[-72.5791,-15.9375],[-72.5186,-15.9088],[-72.5455,-15.8083],[-72.5591,-15.7999],[-72.6232,-15.7046],[-72.6633,-15.7106],[-72.7038,-15.6554],[-72.7168,-15.6118],[-72.7187,-15.5884],[-72.6607,-15.5459],[-72.6288,-15.5597],[-72.5576,-15.5422],[-72.5265,-15.5054],[-72.5076,-15.4751],[-72.5204,-15.4102],[-72.4605,-15.388],[-72.4407,-15.3982],[-72.4271,-15.3681],[-72.4384,-15.3016],[-72.4196,-15.2705],[-72.3749,-15.2497],[-72.3769,-15.1978],[-72.3575,-15.1532],[-72.3556,-15.0978],[-72.317,-15.0944],[-72.2655,-15.0433],[-72.2534,-14.9463],[-72.2092,-14.9104],[-72.1477,-14.8814],[-72.1067,-14.9],[-72.1022,-14.9549],[-72.0719,-14.9374],[-72.0268,-14.876],[-72.0049,-14.8863],[-71.9519,-14.8373],[-71.9396,-14.9198],[-71.9138,-14.9573],[-71.9519,-14.9885],[-71.9598,-15.0406],[-71.9824,-15.0637],[-71.947,-15.1103],[-71.9697,-15.1355],[-71.9014,-15.1708],[-71.9442,-15.2481],[-71.9841,-15.3379],[-72.0099,-15.5824],[-72.1079,-15.6064],[-72.2333,-15.7118],[-72.2453,-15.7358],[-72.3129,-15.8143],[-72.2962,-15.8308],[-72.2965,-15.921],[-72.2254,-15.9615],[-72.2516,-16.0076],[-72.2706,-16.1369],[-72.3134,-16.1357],[-72.3688,-16.1613],[-72.3576,-16.1703]]]}},{"type":"Feature","id":405,"properties":{"u":"0405","n":"Caylloma","d":"Arequipa","c":[-15.6778,-71.551]},"geometry":{"type":"Polygon","coordinates":[[[-72.1995,-16.4587],[-72.1993,-16.4838],[-72.2542,-16.5334],[-72.2887,-16.5862],[-72.4343,-16.6057],[-72.4536,-16.559],[-72.4984,-16.5716],[-72.583,-16.5595],[-72.5868,-16.5409],[-72.6047,-16.5372],[-72.512,-16.4914],[-72.4847,-16.4511],[-72.4664,-16.3832],[-72.4425,-16.3314],[-72.375,-16.2821],[-72.3576,-16.1703],[-72.3688,-16.1613],[-72.3134,-16.1357],[-72.2706,-16.1369],[-72.2516,-16.0076],[-72.2254,-15.9615],[-72.2965,-15.921],[-72.2962,-15.8308],[-72.3129,-15.8143],[-72.2453,-15.7358],[-72.2333,-15.7118],[-72.1079,-15.6064],[-72.0099,-15.5824],[-71.9841,-15.3379],[-71.9442,-15.2481],[-71.9014,-15.1708],[-71.9697,-15.1355],[-71.947,-15.1103],[-71.9824,-15.0637],[-71.9598,-15.0406],[-71.9519,-14.9885],[-71.9138,-14.9573],[-71.9396,-14.9198],[-71.9519,-14.8373],[-71.9175,-14.8314],[-71.8939,-14.7896],[-71.8767,-14.8004],[-71.8521,-14.8881],[-71.7976,-14.896],[-71.746,-14.9399],[-71.7675,-15.0105],[-71.8493,-15.0451],[-71.803,-15.0674],[-71.668,-15.0919],[-71.636,-15.1391],[-71.5891,-15.1289],[-71.5706,-15.0612],[-71.5117,-15.0794],[-71.4859,-15.0591],[-71.5102,-15.0046],[-71.507,-14.9763],[-71.4475,-14.9798],[-71.4186,-15.0302],[-71.3727,-15.0791],[-71.3156,-15.1202],[-71.2154,-15.0489],[-71.1954,-15.0902],[-71.1436,-15.1206],[-71.1804,-15.1626],[-71.1723,-15.2177],[-71.2021,-15.2451],[-71.1654,-15.2889],[-71.1512,-15.3639],[-71.1743,-15.4245],[-71.1193,-15.4276],[-71.0717,-15.4493],[-71.039,-15.4052],[-70.994,-15.4548],[-71.018,-15.5278],[-71.0014,-15.5758],[-70.918,-15.6438],[-70.9001,-15.7121],[-70.9361,-15.7848],[-70.8453,-15.9219],[-70.8755,-15.9473],[-70.9189,-15.9481],[-70.9613,-15.9696],[-71.0439,-15.981],[-71.1389,-15.9826],[-71.2081,-16.0236],[-71.3086,-15.9549],[-71.3705,-15.9269],[-71.5292,-15.93],[-71.5776,-15.9909],[-71.6521,-15.9832],[-71.7043,-15.9337],[-71.707,-15.9838],[-71.738,-16.0162],[-71.8152,-16.0508],[-71.9069,-16.1582],[-71.9573,-16.1437],[-71.9962,-16.1386],[-72.0566,-16.2075],[-72.0913,-16.1893],[-72.0856,-16.2454],[-72.1307,-16.3101],[-72.1443,-16.3506],[-72.1995,-16.4587]]]}},{"type":"Feature","id":406,"properties":{"u":"0406","n":"Condesuyos","d":"Arequipa","c":[-15.544,-72.8112]},"geometry":{"type":"Polygon","coordinates":[[[-72.6874,-16.2185],[-72.6511,-16.2478],[-72.6555,-16.2911],[-72.6206,-16.354],[-72.5936,-16.4305],[-72.6234,-16.457],[-72.6699,-16.4244],[-72.7062,-16.379],[-72.7213,-16.3552],[-72.7992,-16.3042],[-72.8101,-16.2214],[-72.8412,-16.1745],[-72.8433,-16.1262],[-72.8958,-16.0414],[-72.9979,-16.0193],[-73.0649,-16.0186],[-73.1068,-15.9885],[-73.1512,-15.9797],[-73.174,-15.9121],[-73.2332,-15.8741],[-73.2624,-15.8255],[-73.2554,-15.7515],[-73.225,-15.6638],[-73.2263,-15.5703],[-73.2054,-15.5106],[-73.117,-15.572],[-73.083,-15.5615],[-72.9975,-15.5034],[-72.9721,-15.4061],[-72.9338,-15.3945],[-72.8932,-15.41],[-72.89,-15.4035],[-72.8456,-15.3638],[-72.8372,-15.3179],[-72.7885,-15.2742],[-72.7878,-15.2518],[-72.6934,-15.2432],[-72.6321,-15.2255],[-72.5719,-15.2003],[-72.5282,-15.1977],[-72.506,-15.178],[-72.4875,-15.1111],[-72.5269,-15.0586],[-72.4103,-14.9933],[-72.3992,-14.9575],[-72.3231,-14.9309],[-72.3019,-14.8957],[-72.3154,-14.8339],[-72.2523,-14.8037],[-72.1447,-14.7777],[-72.1287,-14.8306],[-72.0471,-14.8751],[-72.0343,-14.812],[-72.0478,-14.7388],[-72.0419,-14.6944],[-71.9879,-14.6329],[-71.9412,-14.6853],[-71.9586,-14.728],[-71.8939,-14.7896],[-71.9175,-14.8314],[-71.9519,-14.8373],[-72.0049,-14.8863],[-72.0268,-14.876],[-72.0719,-14.9374],[-72.1022,-14.9549],[-72.1067,-14.9],[-72.1477,-14.8814],[-72.2092,-14.9104],[-72.2534,-14.9463],[-72.2655,-15.0433],[-72.317,-15.0944],[-72.3556,-15.0978],[-72.3575,-15.1532],[-72.3769,-15.1978],[-72.3749,-15.2497],[-72.4196,-15.2705],[-72.4384,-15.3016],[-72.4271,-15.3681],[-72.4407,-15.3982],[-72.4605,-15.388],[-72.5204,-15.4102],[-72.5076,-15.4751],[-72.5265,-15.5054],[-72.5576,-15.5422],[-72.6288,-15.5597],[-72.6607,-15.5459],[-72.7187,-15.5884],[-72.7168,-15.6118],[-72.7038,-15.6554],[-72.6633,-15.7106],[-72.6232,-15.7046],[-72.5591,-15.7999],[-72.5455,-15.8083],[-72.5186,-15.9088],[-72.5791,-15.9375],[-72.6031,-16.0172],[-72.6736,-16.0103],[-72.6787,-15.9812],[-72.7131,-16.0538],[-72.6872,-16.1198],[-72.6874,-16.2185]]]}},{"type":"Feature","id":407,"properties":{"u":"0407","n":"Islay","d":"Arequipa","c":[-16.9526,-71.7781]},"geometry":{"type":"Polygon","coordinates":[[[-71.5341,-17.2555],[-71.5761,-17.2536],[-71.6904,-17.212],[-71.7761,-17.1947],[-71.8383,-17.1703],[-71.8925,-17.1241],[-71.9485,-17.0676],[-72.0481,-17.0162],[-72.0762,-17.0212],[-72.1845,-16.9248],[-72.164,-16.8894],[-72.172,-16.8499],[-72.2238,-16.8345],[-72.2056,-16.799],[-72.1529,-16.7947],[-72.1319,-16.7667],[-72.0969,-16.7676],[-71.9967,-16.7996],[-71.91,-16.675],[-71.8707,-16.7134],[-71.8695,-16.786],[-71.7444,-16.6981],[-71.667,-16.7016],[-71.6287,-16.6837],[-71.5355,-16.7008],[-71.5313,-16.7286],[-71.4812,-16.7638],[-71.4259,-16.7414],[-71.4443,-16.8047],[-71.4406,-16.8652],[-71.3909,-16.9805],[-71.3846,-17.0211],[-71.3394,-17.0218],[-71.3258,-17.0564],[-71.3022,-17.0939],[-71.441,-17.2517],[-71.4908,-17.285],[-71.5341,-17.2555]]]}},{"type":"Feature","id":408,"properties":{"u":"0408","n":"La Union","d":"Arequipa","c":[-15.0876,-72.7601]},"geometry":{"type":"Polygon","coordinates":[[[-73.2836,-15.3804],[-73.2849,-15.2949],[-73.2459,-15.2861],[-73.1721,-15.3061],[-73.147,-15.2578],[-73.1317,-15.2408],[-73.1107,-15.1861],[-73.0359,-15.1337],[-73.0042,-15.0641],[-73.0053,-15.0093],[-72.9867,-14.9561],[-73.0315,-14.9001],[-73.0142,-14.8557],[-73.0028,-14.815],[-72.9427,-14.7654],[-72.8823,-14.7714],[-72.8464,-14.7599],[-72.8286,-14.7026],[-72.7897,-14.6502],[-72.7247,-14.6759],[-72.6518,-14.669],[-72.611,-14.6761],[-72.5944,-14.7137],[-72.5772,-14.6866],[-72.4718,-14.6614],[-72.4861,-14.7125],[-72.4709,-14.7748],[-72.4065,-14.8271],[-72.3154,-14.8339],[-72.3019,-14.8957],[-72.3231,-14.9309],[-72.3992,-14.9575],[-72.4103,-14.9933],[-72.5269,-15.0586],[-72.4875,-15.1111],[-72.506,-15.178],[-72.5282,-15.1977],[-72.5719,-15.2003],[-72.6321,-15.2255],[-72.6934,-15.2432],[-72.7878,-15.2518],[-72.7885,-15.2742],[-72.8372,-15.3179],[-72.8456,-15.3638],[-72.89,-15.4035],[-72.8932,-15.41],[-72.9338,-15.3945],[-72.9721,-15.4061],[-72.9975,-15.5034],[-73.083,-15.5615],[-73.117,-15.572],[-73.2054,-15.5106],[-73.2836,-15.3804]]]}},{"type":"Feature","id":501,"properties":{"u":"0501","n":"Huamanga","d":"Ayacucho","c":[-13.2321,-74.2801]},"geometry":{"type":"Polygon","coordinates":[[[-74.336,-13.4387],[-74.3784,-13.419],[-74.4318,-13.4491],[-74.4758,-13.4531],[-74.5717,-13.3871],[-74.5711,-13.3454],[-74.6328,-13.3448],[-74.6676,-13.3266],[-74.6861,-13.2864],[-74.6447,-13.2741],[-74.571,-13.1847],[-74.5532,-13.189],[-74.4584,-13.19],[-74.4204,-13.1595],[-74.396,-13.1688],[-74.3896,-13.1517],[-74.4099,-13.0884],[-74.3799,-13.0245],[-74.3459,-13.0258],[-74.2992,-13.0635],[-74.2707,-13.0675],[-74.217,-13.0113],[-74.1634,-13.0417],[-74.104,-12.9821],[-74.0774,-12.9847],[-74.0657,-13.0319],[-73.9774,-13.1731],[-73.9689,-13.1729],[-73.9623,-13.1875],[-73.9255,-13.3241],[-73.8698,-13.3495],[-73.838,-13.3844],[-73.8335,-13.4718],[-73.9043,-13.4551],[-73.9599,-13.5009],[-73.9762,-13.4873],[-73.9805,-13.4326],[-74.008,-13.4125],[-74.0463,-13.4302],[-74.0805,-13.4506],[-74.0556,-13.5357],[-74.1234,-13.531],[-74.1519,-13.509],[-74.2018,-13.4062],[-74.2472,-13.4203],[-74.2741,-13.3918],[-74.336,-13.4387]]]}},{"type":"Feature","id":502,"properties":{"u":"0502","n":"Cangallo","d":"Ayacucho","c":[-13.52,-74.488]},"geometry":{"type":"Polygon","coordinates":[[[-74.0393,-13.6048],[-74.0501,-13.6826],[-74.1004,-13.6664],[-74.1395,-13.6329],[-74.2891,-13.6339],[-74.3684,-13.6028],[-74.4351,-13.5878],[-74.5165,-13.6023],[-74.5519,-13.5973],[-74.6272,-13.5567],[-74.7095,-13.5852],[-74.7824,-13.5785],[-74.8296,-13.5343],[-74.8622,-13.4818],[-74.9021,-13.4664],[-74.8977,-13.3953],[-74.8687,-13.3599],[-74.7639,-13.3414],[-74.6995,-13.3635],[-74.6328,-13.3448],[-74.5711,-13.3454],[-74.5717,-13.3871],[-74.4758,-13.4531],[-74.4318,-13.4491],[-74.3784,-13.419],[-74.336,-13.4387],[-74.2741,-13.3918],[-74.2472,-13.4203],[-74.2018,-13.4062],[-74.1519,-13.509],[-74.1234,-13.531],[-74.0556,-13.5357],[-74.0637,-13.5745],[-74.0393,-13.6048]]]}},{"type":"Feature","id":503,"properties":{"u":"0503","n":"Huanca Sancos","d":"Ayacucho","c":[-13.9407,-74.4425]},"geometry":{"type":"Polygon","coordinates":[[[-74.189,-13.8139],[-74.1584,-13.868],[-74.1103,-13.9082],[-74.101,-13.9525],[-74.116,-14.0289],[-74.1744,-14.1047],[-74.208,-14.1269],[-74.3053,-14.1261],[-74.3923,-14.1671],[-74.4228,-14.1523],[-74.4722,-14.1528],[-74.591,-14.1329],[-74.6232,-14.1371],[-74.6406,-14.0945],[-74.6983,-14.0786],[-74.7257,-14.117],[-74.7609,-14.1204],[-74.7725,-14.0903],[-74.7839,-14.0169],[-74.768,-13.9786],[-74.7859,-13.9288],[-74.7604,-13.8315],[-74.7776,-13.7828],[-74.7626,-13.7802],[-74.7665,-13.7722],[-74.7073,-13.7453],[-74.6413,-13.7423],[-74.6167,-13.7078],[-74.535,-13.7091],[-74.5199,-13.7364],[-74.4259,-13.7976],[-74.3156,-13.7336],[-74.2541,-13.759],[-74.2274,-13.8062],[-74.189,-13.8139]]]}},{"type":"Feature","id":504,"properties":{"u":"0504","n":"Huanta","d":"Ayacucho","c":[-12.6005,-74.1037]},"geometry":{"type":"Polygon","coordinates":[[[-74.2702,-13.0256],[-74.2927,-12.9824],[-74.296,-12.9361],[-74.3194,-12.8873],[-74.3236,-12.8325],[-74.2924,-12.8248],[-74.2872,-12.7731],[-74.3174,-12.7378],[-74.3416,-12.6302],[-74.3835,-12.5708],[-74.4224,-12.4452],[-74.5072,-12.4481],[-74.5484,-12.3751],[-74.576,-12.3732],[-74.5812,-12.3327],[-74.5521,-12.2873],[-74.5063,-12.3122],[-74.4921,-12.2811],[-74.444,-12.272],[-74.4163,-12.3048],[-74.3848,-12.2686],[-74.3889,-12.1927],[-74.3459,-12.1737],[-74.3219,-12.2298],[-74.2973,-12.226],[-74.1873,-12.3066],[-74.1214,-12.3336],[-74.0984,-12.2849],[-74.0378,-12.2623],[-73.9888,-12.274],[-73.9805,-12.2426],[-73.9659,-12.3365],[-73.8868,-12.4054],[-73.8775,-12.4373],[-73.8308,-12.5305],[-73.8538,-12.6455],[-73.8881,-12.711],[-73.9739,-12.7413],[-73.9965,-12.7742],[-73.9956,-12.8378],[-74.0971,-12.8666],[-74.1367,-12.8603],[-74.1308,-12.9146],[-74.104,-12.9821],[-74.1634,-13.0417],[-74.217,-13.0113],[-74.2707,-13.0675],[-74.2702,-13.0256]]]}},{"type":"Feature","id":505,"properties":{"u":"0505","n":"La Mar","d":"Ayacucho","c":[-13.0151,-73.785]},"geometry":{"type":"Polygon","coordinates":[[[-73.3322,-13.4561],[-73.3472,-13.4348],[-73.4033,-13.4448],[-73.4454,-13.4304],[-73.4809,-13.4314],[-73.5111,-13.383],[-73.575,-13.338],[-73.6419,-13.2995],[-73.7262,-13.2687],[-73.7283,-13.1948],[-73.7726,-13.1751],[-73.808,-13.2218],[-73.8232,-13.2473],[-73.808,-13.3038],[-73.832,-13.3307],[-73.838,-13.3844],[-73.8698,-13.3495],[-73.9255,-13.3241],[-73.9623,-13.1875],[-73.9689,-13.1729],[-73.9774,-13.1731],[-74.0657,-13.0319],[-74.0774,-12.9847],[-74.104,-12.9821],[-74.1308,-12.9146],[-74.1367,-12.8603],[-74.0971,-12.8666],[-73.9956,-12.8378],[-73.9965,-12.7742],[-73.9739,-12.7413],[-73.8881,-12.711],[-73.8538,-12.6455],[-73.8308,-12.5305],[-73.8051,-12.5753],[-73.8012,-12.613],[-73.7637,-12.6523],[-73.7254,-12.6407],[-73.6471,-12.743],[-73.5887,-12.8331],[-73.5791,-12.8607],[-73.5237,-12.8995],[-73.508,-12.9719],[-73.5218,-12.9983],[-73.478,-13.0323],[-73.4537,-13.0977],[-73.4219,-13.1324],[-73.3484,-13.2982],[-73.2874,-13.3719],[-73.2119,-13.4191],[-73.2365,-13.4767],[-73.3132,-13.4472],[-73.3322,-13.4561]]]}},{"type":"Feature","id":506,"properties":{"u":"0506","n":"Lucanas","d":"Ayacucho","c":[-14.7604,-74.3024]},"geometry":{"type":"Polygon","coordinates":[[[-74.5525,-15.1399],[-74.606,-15.1485],[-74.7186,-15.1357],[-74.7623,-15.0981],[-74.6643,-15.0447],[-74.6657,-14.9979],[-74.6594,-14.9703],[-74.6855,-14.9295],[-74.6739,-14.8787],[-74.6938,-14.8382],[-74.7322,-14.8424],[-74.7569,-14.7951],[-74.7385,-14.7537],[-74.7764,-14.7289],[-74.8027,-14.7522],[-74.8438,-14.7031],[-74.8466,-14.6661],[-74.7882,-14.6156],[-74.8528,-14.6118],[-74.8784,-14.5875],[-74.8842,-14.5455],[-74.9472,-14.5819],[-74.9589,-14.6065],[-75.0599,-14.6226],[-75.0801,-14.569],[-75.0965,-14.4878],[-75.053,-14.4312],[-75.1013,-14.4332],[-75.1398,-14.4159],[-75.1051,-14.3588],[-75.0939,-14.3124],[-75.0322,-14.2657],[-75.0902,-14.2142],[-75.059,-14.1296],[-75.0291,-14.0719],[-74.9741,-14.0748],[-74.8962,-14.1039],[-74.8781,-14.0763],[-74.8252,-14.0923],[-74.7725,-14.0903],[-74.7609,-14.1204],[-74.7257,-14.117],[-74.6983,-14.0786],[-74.6406,-14.0945],[-74.6232,-14.1371],[-74.591,-14.1329],[-74.4722,-14.1528],[-74.4228,-14.1523],[-74.3923,-14.1671],[-74.3053,-14.1261],[-74.208,-14.1269],[-74.1744,-14.1047],[-74.116,-14.0289],[-74.0704,-14.0267],[-74.0855,-14.0888],[-74.0392,-14.0985],[-73.9992,-14.1592],[-73.9504,-14.1864],[-73.8793,-14.2167],[-73.8966,-14.2628],[-73.884,-14.2826],[-73.8447,-14.2766],[-73.7988,-14.2939],[-73.7734,-14.3222],[-73.7067,-14.3242],[-73.6651,-14.3507],[-73.5817,-14.4161],[-73.569,-14.4593],[-73.5325,-14.5072],[-73.605,-14.5416],[-73.6347,-14.5909],[-73.7164,-14.6412],[-73.8103,-14.6385],[-73.8278,-14.6848],[-73.8257,-14.7259],[-73.8706,-14.7671],[-73.8937,-14.811],[-73.8976,-14.8571],[-73.8425,-14.9211],[-73.8163,-14.9757],[-73.8017,-15.0857],[-73.8625,-15.132],[-73.9003,-15.1292],[-73.9682,-15.1461],[-74.0158,-15.1764],[-74.065,-15.2259],[-74.1121,-15.2394],[-74.1807,-15.2236],[-74.2242,-15.236],[-74.2011,-15.321],[-74.2564,-15.4021],[-74.2412,-15.481],[-74.3001,-15.4784],[-74.3284,-15.391],[-74.3097,-15.3589],[-74.3779,-15.3319],[-74.4129,-15.3016],[-74.3879,-15.2518],[-74.3928,-15.1974],[-74.4183,-15.169],[-74.5018,-15.1606],[-74.5525,-15.1399]]]}},{"type":"Feature","id":507,"properties":{"u":"0507","n":"Parinacochas","d":"Ayacucho","c":[-15.074,-73.6738]},"geometry":{"type":"Polygon","coordinates":[[[-73.5021,-15.2729],[-73.4485,-15.3189],[-73.4411,-15.3557],[-73.5574,-15.4086],[-73.6881,-15.4372],[-73.7589,-15.3853],[-73.808,-15.3243],[-73.8601,-15.3261],[-73.8749,-15.3551],[-73.8766,-15.4392],[-73.9125,-15.4563],[-73.9611,-15.5239],[-74.0094,-15.568],[-74.0194,-15.5992],[-74.0686,-15.6299],[-74.0849,-15.5915],[-74.0373,-15.4561],[-74.0537,-15.4177],[-74.0945,-15.392],[-74.1513,-15.4288],[-74.1665,-15.484],[-74.1937,-15.4917],[-74.2412,-15.481],[-74.2564,-15.4021],[-74.2011,-15.321],[-74.2242,-15.236],[-74.1807,-15.2236],[-74.1121,-15.2394],[-74.065,-15.2259],[-74.0158,-15.1764],[-73.9682,-15.1461],[-73.9003,-15.1292],[-73.8625,-15.132],[-73.8017,-15.0857],[-73.8163,-14.9757],[-73.8425,-14.9211],[-73.8976,-14.8571],[-73.8937,-14.811],[-73.8706,-14.7671],[-73.8257,-14.7259],[-73.8278,-14.6848],[-73.8103,-14.6385],[-73.7164,-14.6412],[-73.6347,-14.5909],[-73.605,-14.5416],[-73.5325,-14.5072],[-73.507,-14.5443],[-73.5334,-14.581],[-73.5101,-14.6501],[-73.5711,-14.6873],[-73.5653,-14.7758],[-73.485,-14.8426],[-73.4163,-14.7713],[-73.3904,-14.7161],[-73.3508,-14.704],[-73.28,-14.7316],[-73.2561,-14.709],[-73.1904,-14.7058],[-73.1532,-14.6743],[-73.1065,-14.6907],[-73.0174,-14.6307],[-72.9985,-14.6625],[-72.8656,-14.7107],[-72.8468,-14.7598],[-72.8823,-14.7714],[-72.9427,-14.7654],[-73.0028,-14.815],[-73.0142,-14.8557],[-73.0612,-14.8255],[-73.0946,-14.8433],[-73.1644,-14.9122],[-73.2542,-14.8995],[-73.2627,-14.9201],[-73.2639,-14.976],[-73.3425,-15.0035],[-73.3316,-15.0296],[-73.4396,-15.0624],[-73.4581,-15.0394],[-73.4856,-15.0606],[-73.5453,-15.0557],[-73.5435,-15.0923],[-73.5531,-15.1224],[-73.5323,-15.2179],[-73.5021,-15.2729]],[[-73.6596,-15.3187],[-73.6472,-15.2771],[-73.6961,-15.2492],[-73.7402,-15.266],[-73.739,-15.3079],[-73.6958,-15.3237],[-73.6596,-15.3187]]]}},{"type":"Feature","id":508,"properties":{"u":"0508","n":"Paucar del Sara Sara","d":"Ayacucho","c":[-15.1073,-73.2861]},"geometry":{"type":"Polygon","coordinates":[[[-73.2748,-15.393],[-73.3363,-15.4051],[-73.3922,-15.3987],[-73.4411,-15.3557],[-73.4485,-15.3189],[-73.5021,-15.2729],[-73.5323,-15.2179],[-73.5531,-15.1224],[-73.5435,-15.0923],[-73.5453,-15.0557],[-73.4856,-15.0606],[-73.4581,-15.0394],[-73.4396,-15.0624],[-73.3316,-15.0296],[-73.3425,-15.0035],[-73.2639,-14.976],[-73.2627,-14.9201],[-73.2542,-14.8995],[-73.1644,-14.9122],[-73.0946,-14.8433],[-73.0612,-14.8255],[-73.0142,-14.8557],[-73.0315,-14.9001],[-72.9867,-14.9561],[-73.0053,-15.0093],[-73.0042,-15.0641],[-73.0359,-15.1337],[-73.1107,-15.1861],[-73.1317,-15.2408],[-73.147,-15.2578],[-73.1721,-15.3061],[-73.2459,-15.2861],[-73.2849,-15.2949],[-73.2836,-15.3804],[-73.2748,-15.393]]]}},{"type":"Feature","id":509,"properties":{"u":"0509","n":"Sucre","d":"Ayacucho","c":[-14.0832,-73.7561]},"geometry":{"type":"Polygon","coordinates":[[[-73.8966,-14.2628],[-73.8793,-14.2167],[-73.95,-14.1857],[-73.9861,-14.0898],[-73.97,-14.1102],[-73.912,-14.1196],[-73.8908,-14.0309],[-73.8828,-14.0119],[-73.888,-13.9536],[-73.826,-13.9145],[-73.8045,-13.8645],[-73.7978,-13.8283],[-73.8019,-13.8015],[-73.7479,-13.7634],[-73.7243,-13.8212],[-73.6969,-13.8498],[-73.6938,-13.886],[-73.6546,-13.9391],[-73.6197,-14.0167],[-73.6217,-14.0327],[-73.6144,-14.0765],[-73.5866,-14.1103],[-73.5779,-14.1447],[-73.5122,-14.2682],[-73.5338,-14.3543],[-73.5596,-14.4099],[-73.5817,-14.4161],[-73.6651,-14.3507],[-73.7067,-14.3242],[-73.7734,-14.3222],[-73.7988,-14.2939],[-73.8447,-14.2766],[-73.884,-14.2826],[-73.8966,-14.2628]]]}},{"type":"Feature","id":510,"properties":{"u":"0510","n":"Victor Fajardo","d":"Ayacucho","c":[-13.8828,-74.0179]},"geometry":{"type":"Polygon","coordinates":[[[-74.1584,-13.868],[-74.189,-13.8139],[-74.2274,-13.8062],[-74.2541,-13.759],[-74.3156,-13.7336],[-74.4259,-13.7976],[-74.5199,-13.7364],[-74.535,-13.7091],[-74.6167,-13.7078],[-74.6413,-13.7423],[-74.7073,-13.7453],[-74.7665,-13.7722],[-74.7812,-13.6482],[-74.7824,-13.5785],[-74.7095,-13.5852],[-74.6272,-13.5567],[-74.5519,-13.5973],[-74.5165,-13.6023],[-74.4351,-13.5878],[-74.3684,-13.6028],[-74.2891,-13.6339],[-74.1395,-13.6329],[-74.1004,-13.6664],[-74.0116,-13.6932],[-73.9993,-13.7045],[-73.9802,-13.7475],[-73.9112,-13.8322],[-73.8904,-13.8977],[-73.8631,-13.9377],[-73.888,-13.9536],[-73.8828,-14.0119],[-73.8908,-14.0309],[-73.912,-14.1196],[-73.97,-14.1102],[-73.9861,-14.0898],[-73.9504,-14.1864],[-73.9992,-14.1592],[-74.0392,-14.0985],[-74.0855,-14.0888],[-74.0704,-14.0267],[-74.116,-14.0289],[-74.101,-13.9525],[-74.1103,-13.9082],[-74.1584,-13.868]]]}},{"type":"Feature","id":511,"properties":{"u":"0511","n":"Vilcas Huaman","d":"Ayacucho","c":[-13.6667,-73.894]},"geometry":{"type":"Polygon","coordinates":[[[-73.8631,-13.9377],[-73.8904,-13.8977],[-73.9112,-13.8322],[-73.9802,-13.7475],[-73.9993,-13.7045],[-74.0116,-13.6932],[-74.0501,-13.6826],[-74.0393,-13.6048],[-74.0637,-13.5745],[-74.0556,-13.5357],[-74.0805,-13.4506],[-74.0463,-13.4302],[-74.008,-13.4125],[-73.9805,-13.4326],[-73.9762,-13.4873],[-73.9599,-13.5009],[-73.9043,-13.4551],[-73.8335,-13.4718],[-73.8172,-13.5053],[-73.8037,-13.5579],[-73.8055,-13.5747],[-73.7919,-13.641],[-73.7567,-13.6507],[-73.6737,-13.7307],[-73.7479,-13.7634],[-73.8019,-13.8015],[-73.7978,-13.8283],[-73.8045,-13.8645],[-73.826,-13.9145],[-73.8631,-13.9377]]]}},{"type":"Feature","id":601,"properties":{"u":"0601","n":"Cajamarca","d":"Cajamarca","c":[-7.1879,-78.4707]},"geometry":{"type":"Polygon","coordinates":[[[-78.4156,-7.4851],[-78.4914,-7.5549],[-78.6251,-7.5483],[-78.6496,-7.529],[-78.6298,-7.4455],[-78.6625,-7.413],[-78.6962,-7.4134],[-78.6422,-7.3501],[-78.6088,-7.2794],[-78.6498,-7.2556],[-78.746,-7.2193],[-78.7081,-7.1565],[-78.6617,-7.103],[-78.6482,-7.0708],[-78.605,-6.9973],[-78.6135,-6.9207],[-78.5995,-6.8865],[-78.6014,-6.8676],[-78.5307,-6.7989],[-78.466,-6.8068],[-78.4535,-6.8342],[-78.4266,-6.9312],[-78.3827,-6.9236],[-78.3405,-6.9542],[-78.2872,-7.0209],[-78.2195,-7.0716],[-78.198,-7.1128],[-78.1837,-7.1491],[-78.2515,-7.2351],[-78.2162,-7.2965],[-78.2718,-7.2936],[-78.3073,-7.3336],[-78.2774,-7.3734],[-78.3568,-7.3996],[-78.3358,-7.4952],[-78.4156,-7.4851]]]}},{"type":"Feature","id":602,"properties":{"u":"0602","n":"Cajabamba","d":"Cajamarca","c":[-7.552,-78.1083]},"geometry":{"type":"Polygon","coordinates":[[[-78.0509,-7.6789],[-78.0812,-7.6962],[-78.1168,-7.6538],[-78.2247,-7.7593],[-78.2612,-7.754],[-78.3028,-7.6965],[-78.3566,-7.6738],[-78.3761,-7.64],[-78.3798,-7.6003],[-78.3568,-7.574],[-78.3608,-7.53],[-78.3358,-7.4952],[-78.3568,-7.3996],[-78.2774,-7.3734],[-78.2194,-7.3935],[-78.1744,-7.4573],[-78.1351,-7.4781],[-78.085,-7.4543],[-78.0513,-7.4638],[-78.0133,-7.4622],[-77.9954,-7.4181],[-77.9487,-7.3512],[-77.8831,-7.3642],[-77.8296,-7.3476],[-77.8134,-7.3925],[-77.7682,-7.4382],[-77.746,-7.4792],[-77.8442,-7.5144],[-77.8695,-7.5849],[-77.9228,-7.6003],[-77.9405,-7.6406],[-77.9986,-7.6791],[-78.0509,-7.6789]]]}},{"type":"Feature","id":603,"properties":{"u":"0603","n":"Celendin","d":"Cajamarca","c":[-6.7633,-78.2176]},"geometry":{"type":"Polygon","coordinates":[[[-78.3827,-6.9236],[-78.4266,-6.9312],[-78.4535,-6.8342],[-78.402,-6.8151],[-78.4048,-6.7115],[-78.3866,-6.6881],[-78.413,-6.5959],[-78.339,-6.579],[-78.3526,-6.5646],[-78.366,-6.4833],[-78.3655,-6.4722],[-78.3213,-6.45],[-78.2779,-6.389],[-78.2552,-6.3948],[-78.2043,-6.4585],[-78.1765,-6.4758],[-78.136,-6.5263],[-78.1367,-6.5585],[-78.0943,-6.6573],[-78.0582,-6.6762],[-78.0141,-6.8223],[-78.0282,-6.8432],[-78.0014,-6.8658],[-78.001,-6.9105],[-78.013,-6.9346],[-78.0009,-6.9421],[-77.9995,-6.9705],[-77.9511,-7.0646],[-78.0159,-7.0968],[-78.0565,-7.1348],[-78.1145,-7.1463],[-78.1837,-7.1491],[-78.198,-7.1128],[-78.2195,-7.0716],[-78.2872,-7.0209],[-78.3405,-6.9542],[-78.3827,-6.9236]]]}},{"type":"Feature","id":604,"properties":{"u":"0604","n":"Chota","d":"Cajamarca","c":[-6.3807,-79.1817]},"geometry":{"type":"Polygon","coordinates":[[[-78.5604,-6.5978],[-78.6518,-6.6807],[-78.6719,-6.6614],[-78.7231,-6.6295],[-78.758,-6.6321],[-78.7867,-6.5779],[-78.7767,-6.5631],[-78.8233,-6.5257],[-78.8924,-6.5263],[-78.9278,-6.5036],[-78.9647,-6.532],[-79.0238,-6.5128],[-79.0742,-6.5338],[-79.0993,-6.6095],[-79.1268,-6.6322],[-79.2402,-6.6177],[-79.2291,-6.6714],[-79.2964,-6.6757],[-79.304,-6.6516],[-79.353,-6.627],[-79.336,-6.6028],[-79.3579,-6.5689],[-79.3696,-6.5208],[-79.4033,-6.5407],[-79.4339,-6.4813],[-79.4229,-6.4519],[-79.4529,-6.3725],[-79.4585,-6.3721],[-79.4227,-6.3104],[-79.3536,-6.3043],[-79.3218,-6.2631],[-79.2847,-6.2545],[-79.2492,-6.2218],[-79.2223,-6.212],[-79.2108,-6.2778],[-79.1626,-6.2728],[-79.0705,-6.3091],[-79.0167,-6.3128],[-78.9894,-6.291],[-78.9577,-6.3305],[-78.9178,-6.3682],[-78.8981,-6.4271],[-78.7958,-6.4414],[-78.8347,-6.4958],[-78.8051,-6.5053],[-78.7668,-6.5501],[-78.7395,-6.4724],[-78.7322,-6.4599],[-78.7453,-6.4244],[-78.711,-6.3906],[-78.7141,-6.3685],[-78.6508,-6.3135],[-78.5147,-6.2896],[-78.5137,-6.2413],[-78.5184,-6.2361],[-78.5293,-6.1757],[-78.5091,-6.0853],[-78.4197,-6.1884],[-78.4028,-6.2187],[-78.3597,-6.2812],[-78.3275,-6.3563],[-78.2779,-6.389],[-78.3213,-6.45],[-78.3655,-6.4722],[-78.366,-6.4833],[-78.3526,-6.5646],[-78.339,-6.579],[-78.413,-6.5959],[-78.4371,-6.56],[-78.4583,-6.5605],[-78.532,-6.6085],[-78.5604,-6.5978]]]}},{"type":"Feature","id":605,"properties":{"u":"0605","n":"Contumaza","d":"Cajamarca","c":[-7.4181,-78.9831]},"geometry":{"type":"Polygon","coordinates":[[[-78.8867,-7.4841],[-78.8515,-7.5225],[-78.8959,-7.5374],[-78.9443,-7.5984],[-78.9428,-7.6227],[-78.9594,-7.6556],[-78.9921,-7.6609],[-79.0412,-7.5999],[-79.0391,-7.5612],[-79.0659,-7.5208],[-79.0654,-7.4727],[-79.1527,-7.4398],[-79.1873,-7.3887],[-79.1865,-7.3773],[-79.2309,-7.391],[-79.3149,-7.3597],[-79.3693,-7.3241],[-79.2826,-7.2751],[-79.2713,-7.2151],[-79.2518,-7.1983],[-79.1985,-7.1854],[-79.105,-7.1934],[-79.0856,-7.2456],[-79.0588,-7.2403],[-79.0441,-7.1952],[-79.0139,-7.1791],[-78.9548,-7.1896],[-78.9038,-7.2213],[-78.8308,-7.2267],[-78.746,-7.2193],[-78.6498,-7.2556],[-78.6088,-7.2794],[-78.6422,-7.3501],[-78.6962,-7.4134],[-78.7601,-7.402],[-78.8104,-7.4229],[-78.8867,-7.4841]]]}},{"type":"Feature","id":606,"properties":{"u":"0606","n":"Cutervo","d":"Cajamarca","c":[-6.1671,-78.8993]},"geometry":{"type":"Polygon","coordinates":[[[-78.7453,-6.4244],[-78.7322,-6.4599],[-78.7395,-6.4724],[-78.7668,-6.5501],[-78.8051,-6.5053],[-78.8347,-6.4958],[-78.7958,-6.4414],[-78.8981,-6.4271],[-78.9178,-6.3682],[-78.9577,-6.3305],[-78.9894,-6.291],[-79.0167,-6.3128],[-79.0705,-6.3091],[-79.1626,-6.2728],[-79.2108,-6.2778],[-79.2223,-6.212],[-79.2492,-6.2218],[-79.2747,-6.1585],[-79.2339,-6.0931],[-79.2132,-6.0989],[-79.1727,-6.1341],[-79.0868,-6.1106],[-79.0797,-6.064],[-79.0522,-6.0556],[-79.0257,-6.0325],[-78.9651,-6.0126],[-78.897,-6.0444],[-78.8705,-6.0239],[-78.8606,-6.0099],[-78.8493,-5.9434],[-78.838,-5.9004],[-78.7413,-5.8355],[-78.7206,-5.7925],[-78.7006,-5.7852],[-78.686,-5.9009],[-78.612,-6.0214],[-78.603,-6.0623],[-78.5894,-6.0765],[-78.5223,-6.0725],[-78.5091,-6.0853],[-78.5293,-6.1757],[-78.5184,-6.2361],[-78.5137,-6.2413],[-78.5147,-6.2896],[-78.6508,-6.3135],[-78.7141,-6.3685],[-78.711,-6.3906],[-78.7453,-6.4244]]]}},{"type":"Feature","id":607,"properties":{"u":"0607","n":"Hualgayoc","d":"Cajamarca","c":[-6.7256,-78.565]},"geometry":{"type":"Polygon","coordinates":[[[-78.6014,-6.8676],[-78.6151,-6.8516],[-78.6326,-6.8081],[-78.6384,-6.7778],[-78.689,-6.7461],[-78.7184,-6.7397],[-78.7668,-6.6453],[-78.758,-6.6321],[-78.7231,-6.6295],[-78.6719,-6.6614],[-78.6518,-6.6807],[-78.5604,-6.5978],[-78.532,-6.6085],[-78.4583,-6.5605],[-78.4371,-6.56],[-78.413,-6.5959],[-78.3866,-6.6881],[-78.4048,-6.7115],[-78.402,-6.8151],[-78.4535,-6.8342],[-78.466,-6.8068],[-78.5307,-6.7989],[-78.6014,-6.8676]]]}},{"type":"Feature","id":608,"properties":{"u":"0608","n":"Jaen","d":"Cajamarca","c":[-5.7445,-79.0345]},"geometry":{"type":"Polygon","coordinates":[[[-79.0868,-6.1106],[-79.1727,-6.1341],[-79.2132,-6.0989],[-79.1808,-6.0863],[-79.1858,-6.0279],[-79.224,-6.055],[-79.2643,-6.0025],[-79.349,-5.9797],[-79.4032,-5.985],[-79.4172,-6.0052],[-79.4186,-5.9701],[-79.3674,-5.9372],[-79.3336,-5.8942],[-79.3525,-5.873],[-79.3989,-5.7288],[-79.3756,-5.6062],[-79.3985,-5.5335],[-79.329,-5.5351],[-79.269,-5.5133],[-79.2559,-5.5024],[-79.1999,-5.5036],[-79.1462,-5.4547],[-79.1489,-5.398],[-79.1,-5.3621],[-79.0588,-5.4467],[-78.9379,-5.4747],[-78.8672,-5.4697],[-78.8324,-5.4439],[-78.7863,-5.4282],[-78.7608,-5.3741],[-78.7017,-5.4053],[-78.6774,-5.4087],[-78.5898,-5.3249],[-78.5184,-5.3993],[-78.5152,-5.4543],[-78.5431,-5.4818],[-78.5547,-5.5381],[-78.5807,-5.5485],[-78.6048,-5.6072],[-78.6511,-5.6756],[-78.6524,-5.7228],[-78.6917,-5.7603],[-78.7006,-5.7852],[-78.7206,-5.7925],[-78.7413,-5.8355],[-78.838,-5.9004],[-78.8493,-5.9434],[-78.8606,-6.0099],[-78.8705,-6.0239],[-78.897,-6.0444],[-78.9651,-6.0126],[-79.0257,-6.0325],[-79.0522,-6.0556],[-79.0797,-6.064],[-79.0868,-6.1106]]]}},{"type":"Feature","id":609,"properties":{"u":"0609","n":"San Ignacio","d":"Cajamarca","c":[-5.0858,-78.9812]},"geometry":{"type":"Polygon","coordinates":[[[-78.9379,-5.4747],[-79.0588,-5.4467],[-79.1,-5.3621],[-79.1489,-5.398],[-79.1462,-5.4547],[-79.1999,-5.5036],[-79.2559,-5.5024],[-79.269,-5.5133],[-79.2977,-5.4581],[-79.3044,-5.3918],[-79.3281,-5.3159],[-79.359,-5.2886],[-79.349,-5.2593],[-79.3723,-5.1839],[-79.3418,-5.1633],[-79.3223,-5.1169],[-79.2944,-5.1105],[-79.2451,-5.0014],[-79.2101,-4.9652],[-79.0735,-4.9711],[-79.0429,-5.0022],[-79.0119,-5.014],[-78.9739,-4.897],[-78.8951,-4.8914],[-78.9073,-4.8618],[-78.8917,-4.808],[-78.9127,-4.791],[-78.883,-4.7454],[-78.8828,-4.7141],[-78.8392,-4.656],[-78.706,-4.6239],[-78.6379,-4.658],[-78.6447,-4.7365],[-78.6006,-4.7734],[-78.6458,-4.9623],[-78.6196,-5.0005],[-78.6577,-5.0674],[-78.7006,-5.1041],[-78.7091,-5.1796],[-78.6842,-5.2675],[-78.6262,-5.3064],[-78.5898,-5.3249],[-78.6774,-5.4087],[-78.7017,-5.4053],[-78.7608,-5.3741],[-78.7863,-5.4282],[-78.8324,-5.4439],[-78.8672,-5.4697],[-78.9379,-5.4747]]]}},{"type":"Feature","id":610,"properties":{"u":"0610","n":"San Marcos","d":"Cajamarca","c":[-7.2792,-78.0383]},"geometry":{"type":"Polygon","coordinates":[[[-78.1351,-7.4781],[-78.1744,-7.4573],[-78.2194,-7.3935],[-78.2774,-7.3734],[-78.3073,-7.3336],[-78.2718,-7.2936],[-78.2162,-7.2965],[-78.2515,-7.2351],[-78.1837,-7.1491],[-78.1145,-7.1463],[-78.0565,-7.1348],[-78.0159,-7.0968],[-77.9511,-7.0646],[-77.9105,-7.1621],[-77.8825,-7.2026],[-77.8546,-7.2309],[-77.8596,-7.2649],[-77.8311,-7.31],[-77.8296,-7.3476],[-77.8831,-7.3642],[-77.9487,-7.3512],[-77.9954,-7.4181],[-78.0133,-7.4622],[-78.0513,-7.4638],[-78.085,-7.4543],[-78.1351,-7.4781]]]}},{"type":"Feature","id":611,"properties":{"u":"0611","n":"San Miguel","d":"Cajamarca","c":[-6.9533,-79.0021]},"geometry":{"type":"Polygon","coordinates":[[[-79.0588,-7.2403],[-79.0856,-7.2456],[-79.105,-7.1934],[-79.1985,-7.1854],[-79.2518,-7.1983],[-79.3046,-7.139],[-79.2962,-7.1296],[-79.3316,-7.0574],[-79.3226,-7.0257],[-79.2966,-6.9998],[-79.2973,-6.886],[-79.2191,-6.8517],[-79.2071,-6.8214],[-79.1463,-6.8656],[-79.0829,-6.8738],[-79.0497,-6.8362],[-78.9829,-6.8624],[-78.9129,-6.8467],[-78.888,-6.8454],[-78.8869,-6.7972],[-78.8483,-6.7168],[-78.817,-6.6922],[-78.7575,-6.7378],[-78.7184,-6.7397],[-78.689,-6.7461],[-78.6384,-6.7778],[-78.6326,-6.8081],[-78.6151,-6.8516],[-78.6283,-6.866],[-78.6549,-6.9068],[-78.7864,-7.0237],[-78.8109,-7.0189],[-78.8667,-7.0452],[-78.8832,-7.0956],[-78.8783,-7.1424],[-78.9163,-7.2107],[-78.9548,-7.1896],[-79.0139,-7.1791],[-79.0441,-7.1952],[-79.0588,-7.2403]]]}},{"type":"Feature","id":612,"properties":{"u":"0612","n":"San Pablo","d":"Cajamarca","c":[-7.0344,-78.7354]},"geometry":{"type":"Polygon","coordinates":[[[-78.746,-7.2193],[-78.8308,-7.2267],[-78.9038,-7.2213],[-78.9195,-7.2109],[-78.9163,-7.2107],[-78.8783,-7.1424],[-78.8832,-7.0956],[-78.8667,-7.0452],[-78.8109,-7.0189],[-78.7864,-7.0237],[-78.6549,-6.9068],[-78.6283,-6.866],[-78.6151,-6.8516],[-78.6014,-6.8676],[-78.5995,-6.8865],[-78.6135,-6.9207],[-78.605,-6.9973],[-78.6482,-7.0708],[-78.6617,-7.103],[-78.7081,-7.1565],[-78.746,-7.2193]]]}},{"type":"Feature","id":613,"properties":{"u":"0613","n":"Santa Cruz","d":"Cajamarca","c":[-6.6818,-78.9853]},"geometry":{"type":"Polygon","coordinates":[[[-78.8869,-6.7972],[-78.888,-6.8454],[-78.9129,-6.8467],[-78.9829,-6.8624],[-79.0497,-6.8362],[-79.0829,-6.8738],[-79.1463,-6.8656],[-79.2071,-6.8214],[-79.1208,-6.777],[-79.1416,-6.7015],[-79.2138,-6.6956],[-79.2291,-6.6714],[-79.2402,-6.6177],[-79.1268,-6.6322],[-79.0993,-6.6095],[-79.0742,-6.5338],[-79.0238,-6.5128],[-78.9647,-6.532],[-78.9278,-6.5036],[-78.8924,-6.5263],[-78.8233,-6.5257],[-78.7767,-6.5631],[-78.7867,-6.5779],[-78.758,-6.6321],[-78.7668,-6.6453],[-78.7184,-6.7397],[-78.7575,-6.7378],[-78.817,-6.6922],[-78.8483,-6.7168],[-78.8869,-6.7972]]]}},{"type":"Feature","id":701,"properties":{"u":"0701","n":"Callao","d":"Callao","c":[-11.9447,-77.1027]},"geometry":{"type":"Polygon","coordinates":[[[-77.1326,-12.0705],[-77.1584,-12.0666],[-77.1375,-12.0109],[-77.1381,-11.9393],[-77.1568,-11.8743],[-77.1871,-11.8284],[-77.1471,-11.8193],[-77.126,-11.8208],[-77.0942,-11.8752],[-77.0959,-11.9501],[-77.1287,-11.9372],[-77.0879,-12.0162],[-77.0935,-12.0381],[-77.0829,-12.0364],[-77.0815,-12.047],[-77.0876,-12.0519],[-77.0873,-12.0615],[-77.1046,-12.0634],[-77.1115,-12.0795],[-77.1326,-12.0705]]]}},{"type":"Feature","id":801,"properties":{"u":"0801","n":"Cusco","d":"Cusco","c":[-13.5452,-71.9529]},"geometry":{"type":"Polygon","coordinates":[[[-71.9497,-13.6181],[-71.9849,-13.6094],[-72.0236,-13.6139],[-72.0914,-13.6492],[-72.1322,-13.6393],[-72.1674,-13.58],[-72.1492,-13.537],[-72.1031,-13.5533],[-72.0782,-13.5284],[-72.0615,-13.5279],[-72.0574,-13.5053],[-72.0233,-13.4769],[-72.0006,-13.444],[-71.9802,-13.4295],[-71.9292,-13.4361],[-71.9317,-13.4676],[-71.8829,-13.4981],[-71.8465,-13.4866],[-71.8147,-13.5055],[-71.8046,-13.5083],[-71.8159,-13.5762],[-71.8356,-13.5908],[-71.8198,-13.6078],[-71.8432,-13.6308],[-71.906,-13.5944],[-71.9227,-13.601],[-71.9497,-13.6181]]]}},{"type":"Feature","id":802,"properties":{"u":"0802","n":"Acomayo","d":"Cusco","c":[-13.919,-71.6778]},"geometry":{"type":"Polygon","coordinates":[[[-71.4721,-14.1317],[-71.4918,-14.1383],[-71.5463,-14.0902],[-71.5834,-14.1011],[-71.5957,-14.1499],[-71.6997,-14.1163],[-71.724,-14.0285],[-71.7294,-13.9752],[-71.7784,-13.9376],[-71.8093,-13.8942],[-71.8004,-13.8658],[-71.8332,-13.8132],[-71.8291,-13.779],[-71.7898,-13.6984],[-71.7484,-13.7103],[-71.7033,-13.7595],[-71.7125,-13.8203],[-71.6378,-13.8352],[-71.6202,-13.8973],[-71.5654,-13.9033],[-71.5624,-13.9347],[-71.4936,-13.9865],[-71.4772,-14.0374],[-71.4522,-14.0512],[-71.4393,-14.08],[-71.4403,-14.1037],[-71.4721,-14.1317]]]}},{"type":"Feature","id":803,"properties":{"u":"0803","n":"Anta","d":"Cusco","c":[-13.5078,-72.3789]},"geometry":{"type":"Polygon","coordinates":[[[-72.2287,-13.7141],[-72.2307,-13.7061],[-72.2774,-13.6841],[-72.2992,-13.7044],[-72.4017,-13.6595],[-72.4,-13.6333],[-72.4513,-13.6],[-72.5481,-13.556],[-72.5759,-13.5628],[-72.6369,-13.5421],[-72.6568,-13.5134],[-72.6957,-13.5104],[-72.7503,-13.4782],[-72.7729,-13.4489],[-72.7221,-13.4047],[-72.6853,-13.4067],[-72.6164,-13.3821],[-72.5467,-13.3326],[-72.5334,-13.3729],[-72.4437,-13.3447],[-72.3712,-13.3613],[-72.3858,-13.3045],[-72.2671,-13.3302],[-72.2317,-13.3286],[-72.21,-13.3668],[-72.1467,-13.3918],[-72.117,-13.397],[-72.1032,-13.4268],[-72.0507,-13.4537],[-72.0006,-13.444],[-72.0233,-13.4769],[-72.0574,-13.5053],[-72.0615,-13.5279],[-72.0782,-13.5284],[-72.1031,-13.5533],[-72.1492,-13.537],[-72.1674,-13.58],[-72.1322,-13.6393],[-72.1679,-13.6495],[-72.2287,-13.7141]]]}},{"type":"Feature","id":804,"properties":{"u":"0804","n":"Calca","d":"Cusco","c":[-13.0384,-72.0356]},"geometry":{"type":"Polygon","coordinates":[[[-71.7426,-13.5743],[-71.8046,-13.5083],[-71.8147,-13.5055],[-71.8465,-13.4866],[-71.8829,-13.4981],[-71.9317,-13.4676],[-71.9292,-13.4361],[-71.9802,-13.4295],[-71.9716,-13.4078],[-72.0112,-13.3274],[-72.0344,-13.3245],[-72.0596,-13.215],[-72.1501,-13.175],[-72.1524,-13.1386],[-72.1906,-13.0962],[-72.17,-13.0232],[-72.2159,-12.9913],[-72.2262,-12.9531],[-72.3119,-12.9236],[-72.3623,-12.8244],[-72.3629,-12.7186],[-72.324,-12.6719],[-72.3699,-12.6393],[-72.2266,-12.6648],[-72.1858,-12.6571],[-72.1354,-12.617],[-72.1245,-12.5485],[-72.0711,-12.5115],[-72.0315,-12.5248],[-71.9814,-12.5805],[-71.9564,-12.6549],[-71.9786,-12.6833],[-71.9165,-12.7033],[-71.9004,-12.7334],[-71.8914,-12.8332],[-71.8412,-12.9192],[-71.8239,-12.9302],[-71.8494,-12.9841],[-71.9064,-13.0208],[-71.8889,-13.0535],[-71.8715,-13.1874],[-71.8251,-13.318],[-71.7397,-13.3856],[-71.7548,-13.4313],[-71.7257,-13.4568],[-71.7195,-13.5525],[-71.7426,-13.5743]]]}},{"type":"Feature","id":805,"properties":{"u":"0805","n":"Canas","d":"Cusco","c":[-14.3645,-71.4031]},"geometry":{"type":"Polygon","coordinates":[[[-70.9765,-14.5823],[-71.0014,-14.5722],[-71.0694,-14.626],[-71.1179,-14.6489],[-71.1566,-14.6338],[-71.1803,-14.6145],[-71.2132,-14.6476],[-71.2571,-14.6531],[-71.335,-14.6164],[-71.4172,-14.6021],[-71.4444,-14.6139],[-71.5794,-14.5477],[-71.6478,-14.5322],[-71.6463,-14.5024],[-71.605,-14.4776],[-71.6091,-14.4451],[-71.5532,-14.4094],[-71.5546,-14.2929],[-71.515,-14.2525],[-71.5499,-14.1752],[-71.5957,-14.1499],[-71.5834,-14.1011],[-71.5463,-14.0902],[-71.4918,-14.1383],[-71.4721,-14.1317],[-71.4403,-14.1037],[-71.4205,-14.1122],[-71.4409,-14.1521],[-71.4275,-14.1806],[-71.3667,-14.2299],[-71.3709,-14.2795],[-71.3274,-14.2894],[-71.3373,-14.3246],[-71.2929,-14.3135],[-71.2497,-14.3444],[-71.2552,-14.3846],[-71.2099,-14.4291],[-71.1347,-14.4583],[-71.0365,-14.4517],[-70.9787,-14.4167],[-70.9721,-14.4204],[-70.9625,-14.4448],[-70.9967,-14.5057],[-70.9765,-14.5823]],[[-71.1699,-14.5237],[-71.1565,-14.5],[-71.2413,-14.4449],[-71.2446,-14.4833],[-71.2239,-14.5026],[-71.1699,-14.5237]]]}},{"type":"Feature","id":806,"properties":{"u":"0806","n":"Canchis","d":"Cusco","c":[-14.0918,-71.1176]},"geometry":{"type":"Polygon","coordinates":[[[-71.0365,-14.4517],[-71.1347,-14.4583],[-71.2099,-14.4291],[-71.2552,-14.3846],[-71.2497,-14.3444],[-71.2929,-14.3135],[-71.3373,-14.3246],[-71.3274,-14.2894],[-71.3709,-14.2795],[-71.3667,-14.2299],[-71.4275,-14.1806],[-71.4409,-14.1521],[-71.4205,-14.1122],[-71.4403,-14.1037],[-71.4393,-14.08],[-71.4522,-14.0512],[-71.4772,-14.0374],[-71.4936,-13.9865],[-71.5169,-13.9672],[-71.4785,-13.9298],[-71.443,-13.9378],[-71.3932,-13.8962],[-71.3078,-13.89],[-71.2977,-13.844],[-71.1931,-13.7932],[-71.1638,-13.7432],[-71.1035,-13.7604],[-71.081,-13.7255],[-70.9916,-13.7613],[-70.9565,-13.8047],[-70.9125,-13.8138],[-70.8625,-13.8003],[-70.8812,-13.8328],[-70.8313,-13.8589],[-70.833,-13.9381],[-70.8618,-14.0262],[-70.8313,-14.0708],[-70.7898,-14.0788],[-70.8089,-14.1242],[-70.8874,-14.1762],[-70.8993,-14.2293],[-70.8806,-14.2709],[-70.9264,-14.3401],[-70.9626,-14.3618],[-70.9787,-14.4167],[-71.0365,-14.4517]]]}},{"type":"Feature","id":807,"properties":{"u":"0807","n":"Chumbivilcas","d":"Cusco","c":[-14.4062,-71.9044]},"geometry":{"type":"Polygon","coordinates":[[[-71.7603,-14.6793],[-71.802,-14.7093],[-71.8581,-14.6923],[-71.8806,-14.7104],[-71.8939,-14.7896],[-71.9586,-14.728],[-71.9412,-14.6853],[-71.9879,-14.6329],[-72.0419,-14.6944],[-72.0478,-14.7388],[-72.0343,-14.812],[-72.0471,-14.8751],[-72.1287,-14.8306],[-72.1447,-14.7777],[-72.2523,-14.8037],[-72.3154,-14.8339],[-72.4065,-14.8271],[-72.4709,-14.7748],[-72.4861,-14.7125],[-72.4718,-14.6614],[-72.4617,-14.6059],[-72.5029,-14.5517],[-72.4275,-14.479],[-72.4019,-14.4839],[-72.3576,-14.436],[-72.3197,-14.4406],[-72.2495,-14.4029],[-72.2395,-14.3485],[-72.1871,-14.3132],[-72.1612,-14.2638],[-72.1157,-14.2456],[-72.0815,-14.2023],[-72.0952,-14.1737],[-72.0586,-14.1083],[-72.0679,-14.0765],[-72.0517,-14.0124],[-72.0557,-13.9349],[-71.9933,-13.9442],[-71.9382,-13.9794],[-71.9442,-14.0009],[-71.9128,-14.0681],[-71.9016,-14.1337],[-71.9173,-14.155],[-71.877,-14.2003],[-71.7637,-14.1924],[-71.7407,-14.24],[-71.7597,-14.2597],[-71.6927,-14.2787],[-71.6768,-14.2228],[-71.6795,-14.1651],[-71.6997,-14.1163],[-71.5957,-14.1499],[-71.5499,-14.1752],[-71.515,-14.2525],[-71.5546,-14.2929],[-71.5532,-14.4094],[-71.6091,-14.4451],[-71.605,-14.4776],[-71.6463,-14.5024],[-71.6478,-14.5322],[-71.662,-14.5645],[-71.7041,-14.5733],[-71.7603,-14.6793]]]}},{"type":"Feature","id":808,"properties":{"u":"0808","n":"Espinar","d":"Cusco","c":[-14.9922,-71.2213]},"geometry":{"type":"Polygon","coordinates":[[[-70.9523,-15.2898],[-70.9608,-15.32],[-71.0123,-15.3438],[-71.039,-15.4052],[-71.0717,-15.4493],[-71.1193,-15.4276],[-71.1743,-15.4245],[-71.1512,-15.3639],[-71.1654,-15.2889],[-71.2021,-15.2451],[-71.1723,-15.2177],[-71.1804,-15.1626],[-71.1436,-15.1206],[-71.1954,-15.0902],[-71.2154,-15.0489],[-71.3156,-15.1202],[-71.3727,-15.0791],[-71.4186,-15.0302],[-71.4475,-14.9798],[-71.507,-14.9763],[-71.5102,-15.0046],[-71.4859,-15.0591],[-71.5117,-15.0794],[-71.5706,-15.0612],[-71.5891,-15.1289],[-71.636,-15.1391],[-71.668,-15.0919],[-71.803,-15.0674],[-71.8493,-15.0451],[-71.7675,-15.0105],[-71.746,-14.9399],[-71.7976,-14.896],[-71.8521,-14.8881],[-71.8767,-14.8004],[-71.8939,-14.7896],[-71.8806,-14.7104],[-71.8581,-14.6923],[-71.802,-14.7093],[-71.7603,-14.6793],[-71.7041,-14.5733],[-71.662,-14.5645],[-71.6478,-14.5322],[-71.5794,-14.5477],[-71.4444,-14.6139],[-71.4172,-14.6021],[-71.335,-14.6164],[-71.2571,-14.6531],[-71.2132,-14.6476],[-71.1803,-14.6145],[-71.1566,-14.6338],[-71.1179,-14.6489],[-71.0787,-14.723],[-71.0532,-14.7543],[-71.0131,-14.7397],[-70.9755,-14.7641],[-70.9783,-14.8242],[-70.9958,-14.8314],[-70.9889,-14.9086],[-71.0041,-14.9719],[-70.9936,-15.0846],[-70.9821,-15.1474],[-70.9625,-15.2156],[-70.9853,-15.249],[-70.9523,-15.2898]]]}},{"type":"Feature","id":809,"properties":{"u":"0809","n":"La Convencion","d":"Cusco","c":[-12.3288,-72.7717]},"geometry":{"type":"Polygon","coordinates":[[[-72.6164,-13.3821],[-72.6853,-13.4067],[-72.7221,-13.4047],[-72.7729,-13.4489],[-72.7934,-13.4261],[-72.8591,-13.4186],[-72.8981,-13.3879],[-72.9715,-13.3902],[-73.0151,-13.4267],[-73.1034,-13.4486],[-73.1602,-13.4433],[-73.2119,-13.4191],[-73.2874,-13.3719],[-73.3484,-13.2982],[-73.4219,-13.1324],[-73.4537,-13.0977],[-73.478,-13.0323],[-73.5218,-12.9983],[-73.508,-12.9719],[-73.5237,-12.8995],[-73.5791,-12.8607],[-73.5887,-12.8331],[-73.6471,-12.743],[-73.7254,-12.6407],[-73.7637,-12.6523],[-73.8012,-12.613],[-73.8051,-12.5753],[-73.8775,-12.4373],[-73.8868,-12.4054],[-73.9659,-12.3365],[-73.9805,-12.2426],[-73.9238,-12.2247],[-73.8432,-12.2394],[-73.8019,-12.2203],[-73.7369,-12.2668],[-73.7078,-12.2679],[-73.665,-12.3211],[-73.6445,-12.372],[-73.6038,-12.387],[-73.5905,-12.3769],[-73.5743,-12.2768],[-73.4696,-12.22],[-73.4461,-12.1603],[-73.3619,-12.136],[-73.4077,-12.066],[-73.3979,-12.0209],[-73.4377,-11.9896],[-73.4411,-11.9442],[-73.4905,-11.8782],[-73.5775,-11.8365],[-73.5745,-11.7341],[-73.6083,-11.6602],[-73.5597,-11.5921],[-73.4497,-11.5319],[-73.4797,-11.4714],[-73.4197,-11.3839],[-73.3313,-11.3113],[-73.2574,-11.3127],[-73.2033,-11.29],[-73.1374,-11.2938],[-73.0265,-11.2641],[-72.9897,-11.1988],[-72.9686,-11.2641],[-72.9391,-11.2821],[-72.9519,-11.3306],[-72.897,-11.3579],[-72.7943,-11.3843],[-72.7382,-11.3474],[-72.7066,-11.3815],[-72.6321,-11.4064],[-72.61,-11.4282],[-72.5351,-11.4351],[-72.4799,-11.3874],[-72.4251,-11.3685],[-72.3788,-11.3326],[-72.3077,-11.307],[-72.2807,-11.3366],[-72.2393,-11.3451],[-72.2479,-11.385],[-72.2926,-11.4333],[-72.3155,-11.5956],[-72.3509,-11.6218],[-72.4287,-11.709],[-72.4251,-11.7332],[-72.3708,-11.785],[-72.3913,-11.8263],[-72.3322,-11.8555],[-72.3475,-11.8913],[-72.3375,-11.9681],[-72.2846,-11.9764],[-72.2593,-12.0063],[-72.2689,-12.0544],[-72.1737,-12.0598],[-72.0944,-12.0852],[-72.0876,-12.1427],[-72.1055,-12.2381],[-72.0338,-12.265],[-72.03,-12.2863],[-71.9588,-12.3201],[-71.976,-12.3988],[-72.0098,-12.4042],[-72.0615,-12.4404],[-72.079,-12.4986],[-72.0711,-12.5115],[-72.1245,-12.5485],[-72.1354,-12.617],[-72.1858,-12.6571],[-72.2266,-12.6648],[-72.3699,-12.6393],[-72.324,-12.6719],[-72.3629,-12.7186],[-72.3623,-12.8244],[-72.3119,-12.9236],[-72.2262,-12.9531],[-72.2159,-12.9913],[-72.17,-13.0232],[-72.1906,-13.0962],[-72.2317,-13.1263],[-72.3056,-13.1172],[-72.3035,-13.1424],[-72.4006,-13.1727],[-72.4903,-13.0997],[-72.5421,-13.0823],[-72.6007,-13.1067],[-72.5544,-13.2301],[-72.5467,-13.3326],[-72.6164,-13.3821]]]}},{"type":"Feature","id":810,"properties":{"u":"0810","n":"Paruro","d":"Cusco","c":[-13.9362,-71.913]},"geometry":{"type":"Polygon","coordinates":[[[-71.6768,-14.2228],[-71.6927,-14.2787],[-71.7597,-14.2597],[-71.7407,-14.24],[-71.7637,-14.1924],[-71.877,-14.2003],[-71.9173,-14.155],[-71.9016,-14.1337],[-71.9128,-14.0681],[-71.9442,-14.0009],[-71.9382,-13.9794],[-71.9933,-13.9442],[-72.0557,-13.9349],[-72.0912,-13.8854],[-72.1347,-13.7835],[-72.1664,-13.7474],[-72.2287,-13.7141],[-72.1679,-13.6495],[-72.1322,-13.6393],[-72.0914,-13.6492],[-72.0236,-13.6139],[-71.9849,-13.6094],[-71.9497,-13.6181],[-71.9227,-13.601],[-71.906,-13.5944],[-71.8432,-13.6308],[-71.8272,-13.6714],[-71.7898,-13.6984],[-71.8291,-13.779],[-71.8332,-13.8132],[-71.8004,-13.8658],[-71.8093,-13.8942],[-71.7784,-13.9376],[-71.7294,-13.9752],[-71.724,-14.0285],[-71.6997,-14.1163],[-71.6795,-14.1651],[-71.6768,-14.2228]]]}},{"type":"Feature","id":811,"properties":{"u":"0811","n":"Paucartambo","d":"Cusco","c":[-13.1558,-71.5091]},"geometry":{"type":"Polygon","coordinates":[[[-71.6557,-13.64],[-71.7107,-13.5806],[-71.7195,-13.5525],[-71.7257,-13.4568],[-71.7548,-13.4313],[-71.7397,-13.3856],[-71.8251,-13.318],[-71.8715,-13.1874],[-71.8889,-13.0535],[-71.9064,-13.0208],[-71.8494,-12.9841],[-71.8239,-12.9302],[-71.8412,-12.9192],[-71.8914,-12.8332],[-71.9004,-12.7334],[-71.8106,-12.745],[-71.7647,-12.7675],[-71.7469,-12.7961],[-71.6983,-12.762],[-71.695,-12.7388],[-71.6003,-12.7001],[-71.5521,-12.7093],[-71.5473,-12.7345],[-71.5026,-12.7562],[-71.451,-12.825],[-71.4489,-12.8633],[-71.4152,-12.8943],[-71.3549,-12.884],[-71.265,-12.9629],[-71.1951,-12.96],[-71.173,-12.9833],[-71.1682,-13.0941],[-71.1511,-13.1241],[-71.122,-13.2335],[-71.0642,-13.2567],[-71.1435,-13.3579],[-71.1617,-13.4034],[-71.149,-13.4851],[-71.1844,-13.5141],[-71.2196,-13.5172],[-71.2941,-13.4553],[-71.3361,-13.4594],[-71.3728,-13.4462],[-71.4163,-13.5169],[-71.4674,-13.4949],[-71.5023,-13.4549],[-71.5233,-13.5884],[-71.5691,-13.5622],[-71.6266,-13.5662],[-71.6197,-13.5975],[-71.6557,-13.64]]]}},{"type":"Feature","id":812,"properties":{"u":"0812","n":"Quispicanchi","d":"Cusco","c":[-13.5171,-70.8695]},"geometry":{"type":"Polygon","coordinates":[[[-71.7033,-13.7595],[-71.7484,-13.7103],[-71.7898,-13.6984],[-71.8272,-13.6714],[-71.8432,-13.6308],[-71.8198,-13.6078],[-71.8356,-13.5908],[-71.8159,-13.5762],[-71.8046,-13.5083],[-71.7426,-13.5743],[-71.7195,-13.5525],[-71.7107,-13.5806],[-71.6557,-13.64],[-71.6197,-13.5975],[-71.6266,-13.5662],[-71.5691,-13.5622],[-71.5233,-13.5884],[-71.5023,-13.4549],[-71.4674,-13.4949],[-71.4163,-13.5169],[-71.3728,-13.4462],[-71.3361,-13.4594],[-71.2941,-13.4553],[-71.2196,-13.5172],[-71.1844,-13.5141],[-71.149,-13.4851],[-71.1617,-13.4034],[-71.1435,-13.3579],[-71.0642,-13.2567],[-71.014,-13.2672],[-70.9745,-13.1683],[-70.9422,-13.1565],[-70.9214,-13.1108],[-70.8899,-13.1029],[-70.843,-13.067],[-70.7584,-13.108],[-70.71,-13.1095],[-70.6598,-13.0885],[-70.5875,-13.1031],[-70.5498,-13.1529],[-70.4642,-13.1597],[-70.3885,-13.1924],[-70.3906,-13.2321],[-70.4204,-13.2586],[-70.3483,-13.2936],[-70.3928,-13.3142],[-70.3995,-13.3716],[-70.4426,-13.3934],[-70.4526,-13.4479],[-70.4958,-13.5014],[-70.534,-13.5253],[-70.5417,-13.5745],[-70.5717,-13.586],[-70.6162,-13.6091],[-70.6539,-13.6559],[-70.7154,-13.6627],[-70.735,-13.7343],[-70.6989,-13.8032],[-70.7214,-13.8293],[-70.7684,-13.8143],[-70.8266,-13.8272],[-70.8625,-13.8003],[-70.9125,-13.8138],[-70.9565,-13.8047],[-70.9916,-13.7613],[-71.081,-13.7255],[-71.1035,-13.7604],[-71.1638,-13.7432],[-71.1931,-13.7932],[-71.2977,-13.844],[-71.3078,-13.89],[-71.3932,-13.8962],[-71.443,-13.9378],[-71.4785,-13.9298],[-71.5169,-13.9672],[-71.5624,-13.9347],[-71.5654,-13.9033],[-71.6202,-13.8973],[-71.6378,-13.8352],[-71.7125,-13.8203],[-71.7033,-13.7595]]]}},{"type":"Feature","id":813,"properties":{"u":"0813","n":"Urubamba","d":"Cusco","c":[-13.2673,-72.2996]},"geometry":{"type":"Polygon","coordinates":[[[-71.9802,-13.4295],[-72.0006,-13.444],[-72.0507,-13.4537],[-72.1032,-13.4268],[-72.117,-13.397],[-72.1467,-13.3918],[-72.21,-13.3668],[-72.2317,-13.3286],[-72.2671,-13.3302],[-72.3858,-13.3045],[-72.3712,-13.3613],[-72.4437,-13.3447],[-72.5334,-13.3729],[-72.5467,-13.3326],[-72.5544,-13.2301],[-72.6007,-13.1067],[-72.5421,-13.0823],[-72.4903,-13.0997],[-72.4006,-13.1727],[-72.3035,-13.1424],[-72.3056,-13.1172],[-72.2317,-13.1263],[-72.1906,-13.0962],[-72.1524,-13.1386],[-72.1501,-13.175],[-72.0596,-13.215],[-72.0344,-13.3245],[-72.0112,-13.3274],[-71.9716,-13.4078],[-71.9802,-13.4295]]]}},{"type":"Feature","id":901,"properties":{"u":"0901","n":"Huancavelica","d":"Huancavelica","c":[-12.7502,-75.1643]},"geometry":{"type":"Polygon","coordinates":[[[-75.2498,-12.8792],[-75.277,-12.9142],[-75.3049,-12.9042],[-75.3348,-12.9362],[-75.3805,-12.8439],[-75.3713,-12.8257],[-75.442,-12.7752],[-75.5139,-12.7887],[-75.5707,-12.7252],[-75.5771,-12.7157],[-75.5611,-12.6776],[-75.5796,-12.6415],[-75.5387,-12.6217],[-75.4526,-12.6577],[-75.4154,-12.6284],[-75.3991,-12.5825],[-75.3624,-12.5396],[-75.3193,-12.5145],[-75.3247,-12.4855],[-75.2784,-12.4678],[-75.2155,-12.4634],[-75.2155,-12.4093],[-75.211,-12.3853],[-75.1824,-12.3603],[-75.1469,-12.3955],[-75.131,-12.3785],[-75.104,-12.3791],[-75.061,-12.4015],[-75.0243,-12.4347],[-75.0095,-12.4769],[-74.9833,-12.5054],[-74.9483,-12.5155],[-74.9391,-12.5327],[-74.9293,-12.5341],[-74.8658,-12.5237],[-74.8029,-12.4697],[-74.7219,-12.4875],[-74.6921,-12.5219],[-74.6865,-12.5899],[-74.7116,-12.6343],[-74.7452,-12.6158],[-74.7787,-12.6327],[-74.7733,-12.7077],[-74.786,-12.7841],[-74.7298,-12.8374],[-74.6992,-12.8436],[-74.7829,-12.878],[-74.8271,-12.9431],[-74.877,-12.919],[-74.887,-12.929],[-74.8904,-12.9684],[-74.8383,-12.9749],[-74.9033,-13.0254],[-74.9171,-13.0966],[-74.9133,-13.1675],[-74.9551,-13.1819],[-74.989,-13.1415],[-75.0292,-13.1059],[-75.0398,-13.0503],[-75.0343,-12.9733],[-75.0572,-12.9143],[-75.1207,-12.9318],[-75.1581,-12.9795],[-75.2134,-12.916],[-75.2498,-12.8792]]]}},{"type":"Feature","id":902,"properties":{"u":"0902","n":"Acobamba","d":"Huancavelica","c":[-12.7775,-74.6416]},"geometry":{"type":"Polygon","coordinates":[[[-74.3194,-12.8873],[-74.3741,-12.9354],[-74.439,-12.9572],[-74.4465,-12.9651],[-74.5418,-12.8987],[-74.5748,-12.9141],[-74.5968,-12.8884],[-74.6144,-12.851],[-74.6497,-12.8819],[-74.6805,-12.8999],[-74.6541,-12.8552],[-74.7298,-12.8374],[-74.786,-12.7841],[-74.7733,-12.7077],[-74.7787,-12.6327],[-74.7452,-12.6158],[-74.7116,-12.6343],[-74.6865,-12.5899],[-74.5893,-12.691],[-74.5406,-12.733],[-74.5391,-12.7463],[-74.499,-12.7708],[-74.4972,-12.7882],[-74.4574,-12.8023],[-74.4328,-12.8023],[-74.3808,-12.8145],[-74.3236,-12.8325],[-74.3194,-12.8873]]]}},{"type":"Feature","id":903,"properties":{"u":"0903","n":"Angaraes","d":"Huancavelica","c":[-13.0652,-74.655]},"geometry":{"type":"Polygon","coordinates":[[[-74.571,-13.1847],[-74.6447,-13.2741],[-74.6861,-13.2864],[-74.7221,-13.2896],[-74.7308,-13.2311],[-74.7216,-13.1792],[-74.8414,-13.1437],[-74.9133,-13.1675],[-74.9171,-13.0966],[-74.9033,-13.0254],[-74.8383,-12.9749],[-74.8904,-12.9684],[-74.887,-12.929],[-74.877,-12.919],[-74.8271,-12.9431],[-74.7829,-12.878],[-74.6992,-12.8436],[-74.6541,-12.8552],[-74.6805,-12.8999],[-74.6497,-12.8819],[-74.6144,-12.851],[-74.5968,-12.8884],[-74.5748,-12.9141],[-74.5418,-12.8987],[-74.4465,-12.9651],[-74.439,-12.9572],[-74.3741,-12.9354],[-74.3194,-12.8873],[-74.296,-12.9361],[-74.2927,-12.9824],[-74.2702,-13.0256],[-74.2717,-13.067],[-74.2992,-13.0635],[-74.3459,-13.0258],[-74.3799,-13.0245],[-74.4099,-13.0884],[-74.3896,-13.1517],[-74.396,-13.1688],[-74.4204,-13.1595],[-74.4584,-13.19],[-74.5532,-13.189],[-74.571,-13.1847]]]}},{"type":"Feature","id":904,"properties":{"u":"0904","n":"Castrovirreyna","d":"Huancavelica","c":[-13.1498,-75.3506]},"geometry":{"type":"Polygon","coordinates":[[[-75.5389,-13.405],[-75.5851,-13.4027],[-75.6893,-13.4397],[-75.7122,-13.4164],[-75.8068,-13.4008],[-75.7826,-13.3317],[-75.7065,-13.2883],[-75.7063,-13.1868],[-75.6946,-13.1569],[-75.7078,-13.1427],[-75.7188,-13.1098],[-75.695,-13.0748],[-75.6525,-13.0705],[-75.6286,-13.0571],[-75.6144,-12.9649],[-75.6361,-12.9162],[-75.6131,-12.867],[-75.6129,-12.8595],[-75.5311,-12.8222],[-75.5139,-12.7887],[-75.442,-12.7752],[-75.3713,-12.8257],[-75.3805,-12.8439],[-75.3348,-12.9362],[-75.3049,-12.9042],[-75.277,-12.9142],[-75.2498,-12.8792],[-75.2134,-12.916],[-75.1581,-12.9795],[-75.1207,-12.9318],[-75.0572,-12.9143],[-75.0343,-12.9733],[-75.0398,-13.0503],[-75.0292,-13.1059],[-74.989,-13.1415],[-75.0491,-13.1866],[-75.168,-13.2245],[-75.1685,-13.2549],[-75.2042,-13.312],[-75.2176,-13.3769],[-75.2558,-13.4175],[-75.2911,-13.4017],[-75.3176,-13.4559],[-75.3413,-13.4617],[-75.4346,-13.4696],[-75.4357,-13.4953],[-75.4773,-13.5255],[-75.4658,-13.4322],[-75.4863,-13.4139],[-75.5032,-13.3528],[-75.5389,-13.405]]]}},{"type":"Feature","id":905,"properties":{"u":"0905","n":"Churcampa","d":"Huancavelica","c":[-12.61,-74.5115]},"geometry":{"type":"Polygon","coordinates":[[[-74.2924,-12.8248],[-74.3236,-12.8325],[-74.3808,-12.8145],[-74.4328,-12.8023],[-74.4574,-12.8023],[-74.4972,-12.7882],[-74.499,-12.7708],[-74.5391,-12.7463],[-74.5406,-12.733],[-74.5893,-12.691],[-74.6865,-12.5899],[-74.6921,-12.5219],[-74.5973,-12.4661],[-74.5973,-12.41],[-74.576,-12.3732],[-74.5484,-12.3751],[-74.5072,-12.4481],[-74.4224,-12.4452],[-74.3835,-12.5708],[-74.3416,-12.6302],[-74.3174,-12.7378],[-74.2872,-12.7731],[-74.2924,-12.8248]]]}},{"type":"Feature","id":906,"properties":{"u":"0906","n":"Huaytara","d":"Huancavelica","c":[-13.6185,-75.1401]},"geometry":{"type":"Polygon","coordinates":[[[-75.2323,-14.0048],[-75.3332,-14.016],[-75.3534,-13.9924],[-75.4338,-13.9139],[-75.5455,-13.8895],[-75.5634,-13.8409],[-75.5249,-13.8179],[-75.5546,-13.7496],[-75.5294,-13.7401],[-75.4849,-13.651],[-75.511,-13.5889],[-75.4773,-13.5255],[-75.4357,-13.4953],[-75.4346,-13.4696],[-75.3413,-13.4617],[-75.3176,-13.4559],[-75.2911,-13.4017],[-75.2558,-13.4175],[-75.2176,-13.3769],[-75.2042,-13.312],[-75.1685,-13.2549],[-75.168,-13.2245],[-75.0491,-13.1866],[-74.989,-13.1415],[-74.9551,-13.1819],[-74.8414,-13.1437],[-74.7216,-13.1792],[-74.7308,-13.2311],[-74.7221,-13.2896],[-74.6861,-13.2864],[-74.6676,-13.3266],[-74.6328,-13.3448],[-74.6995,-13.3635],[-74.7639,-13.3414],[-74.8687,-13.3599],[-74.8977,-13.3953],[-74.9021,-13.4664],[-74.8622,-13.4818],[-74.8296,-13.5343],[-74.7824,-13.5785],[-74.7812,-13.6482],[-74.7665,-13.7722],[-74.7626,-13.7802],[-74.7776,-13.7828],[-74.7604,-13.8315],[-74.7859,-13.9288],[-74.768,-13.9786],[-74.7839,-14.0169],[-74.7725,-14.0903],[-74.8252,-14.0923],[-74.8781,-14.0763],[-74.8962,-14.1039],[-74.9741,-14.0748],[-75.0291,-14.0719],[-75.059,-14.1296],[-75.1088,-14.0329],[-75.1657,-14.0725],[-75.2106,-14.0504],[-75.2192,-14.0489],[-75.2323,-14.0048]]]}},{"type":"Feature","id":907,"properties":{"u":"0907","n":"Tayacaja","d":"Huancavelica","c":[-12.2599,-74.7426]},"geometry":{"type":"Polygon","coordinates":[[[-74.8658,-12.5237],[-74.9293,-12.5341],[-74.9391,-12.5327],[-74.9483,-12.5155],[-74.9833,-12.5054],[-75.0095,-12.4769],[-75.0243,-12.4347],[-75.061,-12.4015],[-75.104,-12.3791],[-75.131,-12.3785],[-75.1305,-12.3286],[-75.0985,-12.2826],[-75.1004,-12.2511],[-75.0716,-12.2352],[-75.052,-12.1647],[-75.0846,-12.0562],[-75.0471,-12.0116],[-74.9526,-12.0158],[-74.8708,-12.066],[-74.7943,-12.0583],[-74.7486,-12.0414],[-74.7201,-12.0591],[-74.6816,-12.0295],[-74.6709,-12.0121],[-74.6242,-11.9852],[-74.549,-11.997],[-74.4884,-12.0332],[-74.4555,-12.0336],[-74.412,-12.1019],[-74.3524,-12.1478],[-74.3459,-12.1737],[-74.3889,-12.1927],[-74.3848,-12.2686],[-74.4163,-12.3048],[-74.444,-12.272],[-74.4921,-12.2811],[-74.5063,-12.3122],[-74.5521,-12.2873],[-74.5812,-12.3327],[-74.576,-12.3732],[-74.5973,-12.41],[-74.5973,-12.4661],[-74.6921,-12.5219],[-74.7219,-12.4875],[-74.8029,-12.4697],[-74.8658,-12.5237]]]}},{"type":"Feature","id":1001,"properties":{"u":"1001","n":"Huanuco","d":"Huánuco","c":[-9.8149,-76.2399]},"geometry":{"type":"Polygon","coordinates":[[[-76.2265,-10.0228],[-76.411,-10.1787],[-76.4361,-10.2335],[-76.4495,-10.1946],[-76.4409,-10.1358],[-76.51,-10.1523],[-76.5209,-10.1949],[-76.5468,-10.1117],[-76.5958,-10.1019],[-76.5965,-10.0403],[-76.5705,-9.9592],[-76.5223,-9.9135],[-76.493,-9.9063],[-76.4551,-9.8816],[-76.4444,-9.8244],[-76.4705,-9.8095],[-76.484,-9.7404],[-76.463,-9.707],[-76.477,-9.6739],[-76.4268,-9.65],[-76.365,-9.5778],[-76.3607,-9.5468],[-76.3135,-9.5166],[-76.2389,-9.5124],[-76.2034,-9.4992],[-76.1599,-9.4694],[-76.0717,-9.4718],[-76.0114,-9.508],[-75.9421,-9.4879],[-75.8924,-9.4332],[-75.8531,-9.4264],[-75.8157,-9.3925],[-75.7835,-9.4137],[-75.7907,-9.466],[-75.7384,-9.6082],[-75.7213,-9.6175],[-75.7978,-9.7028],[-75.8104,-9.7641],[-75.7946,-9.8099],[-75.8246,-9.832],[-75.874,-9.7929],[-75.9395,-9.8057],[-76.0625,-9.82],[-76.0868,-9.8813],[-76.1217,-9.8858],[-76.1245,-9.9254],[-76.1154,-9.9401],[-76.1362,-9.9863],[-76.1704,-9.9853],[-76.2265,-10.0228]]]}},{"type":"Feature","id":1002,"properties":{"u":"1002","n":"Ambo","d":"Huánuco","c":[-10.2092,-76.2426]},"geometry":{"type":"Polygon","coordinates":[[[-76.0317,-10.4559],[-76.0783,-10.452],[-76.2072,-10.3887],[-76.2309,-10.3718],[-76.2711,-10.3711],[-76.3059,-10.4122],[-76.3358,-10.2863],[-76.3872,-10.2893],[-76.4439,-10.3205],[-76.494,-10.3105],[-76.5129,-10.2918],[-76.5209,-10.1949],[-76.51,-10.1523],[-76.4409,-10.1358],[-76.4495,-10.1946],[-76.4361,-10.2335],[-76.411,-10.1787],[-76.2265,-10.0228],[-76.1704,-9.9853],[-76.1362,-9.9863],[-76.1275,-10.0344],[-76.1254,-10.0679],[-76.0525,-10.0952],[-76.0406,-10.1066],[-76.0674,-10.1946],[-76.0531,-10.2235],[-76.0434,-10.3297],[-76.026,-10.4261],[-76.0317,-10.4559]]]}},{"type":"Feature","id":1003,"properties":{"u":"1003","n":"Dos de Mayo","d":"Huánuco","c":[-9.6957,-76.8196]},"geometry":{"type":"Polygon","coordinates":[[[-76.7799,-9.957],[-76.7732,-9.9941],[-76.824,-10.011],[-76.8137,-9.9616],[-76.8389,-9.9346],[-76.8693,-9.8604],[-76.8891,-9.8235],[-76.9014,-9.7705],[-76.9454,-9.7026],[-76.8609,-9.6429],[-76.8106,-9.6179],[-76.7613,-9.6176],[-76.7276,-9.5957],[-76.7432,-9.5791],[-76.6968,-9.5577],[-76.6087,-9.5508],[-76.5522,-9.5402],[-76.4936,-9.5261],[-76.4569,-9.4986],[-76.4286,-9.5068],[-76.3778,-9.4879],[-76.3714,-9.4431],[-76.3115,-9.4167],[-76.2974,-9.3885],[-76.2353,-9.4182],[-76.204,-9.4467],[-76.2034,-9.4992],[-76.2389,-9.5124],[-76.3135,-9.5166],[-76.3607,-9.5468],[-76.365,-9.5778],[-76.4268,-9.65],[-76.477,-9.6739],[-76.526,-9.6657],[-76.5589,-9.6827],[-76.5981,-9.6725],[-76.6897,-9.7015],[-76.7037,-9.6898],[-76.7025,-9.748],[-76.7358,-9.753],[-76.758,-9.8425],[-76.7201,-9.8984],[-76.7359,-9.9339],[-76.7799,-9.957]]]}},{"type":"Feature","id":1004,"properties":{"u":"1004","n":"Huacaybamba","d":"Huánuco","c":[-8.9976,-76.8551]},"geometry":{"type":"Polygon","coordinates":[[[-76.4131,-9.1774],[-76.3584,-9.1972],[-76.3105,-9.1769],[-76.2721,-9.214],[-76.3101,-9.1964],[-76.3484,-9.2049],[-76.3959,-9.2384],[-76.4384,-9.2295],[-76.5103,-9.1861],[-76.5357,-9.2037],[-76.6425,-9.1331],[-76.7167,-9.1082],[-76.763,-9.1071],[-76.7921,-9.0857],[-76.8182,-9.1272],[-76.8972,-9.0984],[-76.9174,-9.0755],[-76.945,-9.0744],[-76.9801,-9.0629],[-77.0336,-9.0084],[-77.1031,-8.9724],[-77.1595,-8.8971],[-77.1766,-8.8459],[-77.1748,-8.8336],[-77.1433,-8.7807],[-77.0822,-8.7741],[-77.0371,-8.8344],[-76.976,-8.8454],[-76.9294,-8.8365],[-76.894,-8.8619],[-76.8223,-8.8345],[-76.7348,-8.8708],[-76.661,-8.9868],[-76.6322,-9.0454],[-76.5953,-9.0482],[-76.5615,-9.0214],[-76.4734,-9.0122],[-76.4802,-9.1721],[-76.4131,-9.1774]]]}},{"type":"Feature","id":1005,"properties":{"u":"1005","n":"Huamalies","d":"Huánuco","c":[-9.3972,-76.6167]},"geometry":{"type":"Polygon","coordinates":[[[-76.7613,-9.6176],[-76.8106,-9.6179],[-76.8609,-9.6429],[-76.981,-9.7246],[-77.0238,-9.7043],[-77.0485,-9.6475],[-76.9953,-9.6034],[-76.975,-9.5634],[-76.9531,-9.5473],[-76.938,-9.5266],[-76.9523,-9.4697],[-76.9292,-9.4261],[-76.9361,-9.4059],[-76.924,-9.3825],[-76.9096,-9.3685],[-76.8701,-9.3009],[-76.8428,-9.2617],[-76.8368,-9.2635],[-76.8144,-9.326],[-76.7646,-9.3672],[-76.7493,-9.3444],[-76.7395,-9.2845],[-76.7257,-9.2566],[-76.7443,-9.1937],[-76.7569,-9.1815],[-76.7886,-9.1362],[-76.8182,-9.1272],[-76.7921,-9.0857],[-76.763,-9.1071],[-76.7167,-9.1082],[-76.6425,-9.1331],[-76.5357,-9.2037],[-76.5103,-9.1861],[-76.4384,-9.2295],[-76.3959,-9.2384],[-76.3484,-9.2049],[-76.3101,-9.1964],[-76.2721,-9.214],[-76.2349,-9.1403],[-76.214,-9.2044],[-76.1335,-9.2011],[-76.0987,-9.2117],[-76.0568,-9.2817],[-76.0832,-9.3045],[-76.141,-9.3033],[-76.2277,-9.38],[-76.2353,-9.4182],[-76.2974,-9.3885],[-76.3115,-9.4167],[-76.3714,-9.4431],[-76.3778,-9.4879],[-76.4286,-9.5068],[-76.4569,-9.4986],[-76.4936,-9.5261],[-76.5522,-9.5402],[-76.6087,-9.5508],[-76.6968,-9.5577],[-76.7432,-9.5791],[-76.7276,-9.5957],[-76.7613,-9.6176]]]}},{"type":"Feature","id":1006,"properties":{"u":"1006","n":"Leoncio Prado","d":"Huánuco","c":[-8.948,-76.0578]},"geometry":{"type":"Polygon","coordinates":[[[-75.8924,-9.4332],[-75.9421,-9.4879],[-76.0114,-9.508],[-76.0717,-9.4718],[-76.1599,-9.4694],[-76.2034,-9.4992],[-76.204,-9.4467],[-76.2353,-9.4182],[-76.2277,-9.38],[-76.141,-9.3033],[-76.0832,-9.3045],[-76.0568,-9.2817],[-76.0987,-9.2117],[-76.1335,-9.2011],[-76.214,-9.2044],[-76.2349,-9.1403],[-76.2721,-9.214],[-76.3105,-9.1769],[-76.3584,-9.1972],[-76.4131,-9.1774],[-76.4802,-9.1721],[-76.4734,-9.0122],[-76.4192,-8.9864],[-76.3655,-9.0263],[-76.2736,-8.9934],[-76.2405,-8.9711],[-76.2212,-8.9257],[-76.2266,-8.8638],[-76.2054,-8.8339],[-76.2236,-8.7914],[-76.1664,-8.7564],[-76.1313,-8.6568],[-76.1159,-8.6576],[-76.1304,-8.4672],[-76.1092,-8.3796],[-76.0872,-8.3369],[-75.985,-8.3222],[-75.946,-8.4009],[-75.9649,-8.4517],[-75.9663,-8.592],[-75.9798,-8.636],[-75.9216,-8.7808],[-75.9296,-8.8304],[-75.9173,-8.8792],[-75.8744,-8.9703],[-75.8759,-9.0215],[-75.8065,-9.1215],[-75.785,-9.1917],[-75.7318,-9.2723],[-75.6708,-9.3966],[-75.6216,-9.3967],[-75.6336,-9.4502],[-75.6687,-9.5096],[-75.6776,-9.5601],[-75.7139,-9.6125],[-75.7213,-9.6175],[-75.7384,-9.6082],[-75.7907,-9.466],[-75.7835,-9.4137],[-75.8157,-9.3925],[-75.8531,-9.4264],[-75.8924,-9.4332]]]}},{"type":"Feature","id":1007,"properties":{"u":"1007","n":"Marañon","d":"Huánuco","c":[-8.7304,-76.7379]},"geometry":{"type":"Polygon","coordinates":[[[-77.1433,-8.7807],[-77.1748,-8.8336],[-77.2229,-8.7703],[-77.2474,-8.7128],[-77.2606,-8.6485],[-77.2873,-8.6427],[-77.289,-8.5893],[-77.3175,-8.5302],[-77.2641,-8.4675],[-77.2042,-8.4857],[-77.1338,-8.44],[-77.1426,-8.4758],[-77.0889,-8.4828],[-77.0917,-8.517],[-77.06,-8.5436],[-76.9163,-8.5702],[-76.8473,-8.5465],[-76.8316,-8.5167],[-76.741,-8.5246],[-76.7299,-8.5148],[-76.6973,-8.5324],[-76.6243,-8.512],[-76.5427,-8.5097],[-76.4662,-8.5697],[-76.444,-8.4888],[-76.4168,-8.4434],[-76.3467,-8.425],[-76.3335,-8.4295],[-76.3242,-8.5241],[-76.2785,-8.5775],[-76.2667,-8.655],[-76.2287,-8.7481],[-76.2236,-8.7914],[-76.2054,-8.8339],[-76.2266,-8.8638],[-76.2212,-8.9257],[-76.2405,-8.9711],[-76.2736,-8.9934],[-76.3655,-9.0263],[-76.4192,-8.9864],[-76.4734,-9.0122],[-76.5615,-9.0214],[-76.5953,-9.0482],[-76.6322,-9.0454],[-76.661,-8.9868],[-76.7348,-8.8708],[-76.8223,-8.8345],[-76.894,-8.8619],[-76.9294,-8.8365],[-76.976,-8.8454],[-77.0371,-8.8344],[-77.0822,-8.7741],[-77.1433,-8.7807]]]}},{"type":"Feature","id":1008,"properties":{"u":"1008","n":"Pachitea","d":"Huánuco","c":[-10.0575,-75.9022]},"geometry":{"type":"Polygon","coordinates":[[[-75.7031,-10.133],[-75.704,-10.2067],[-75.7215,-10.2274],[-75.7856,-10.2524],[-75.8401,-10.2583],[-75.8564,-10.3017],[-75.9244,-10.356],[-75.9251,-10.4068],[-75.9855,-10.4828],[-76.0317,-10.4559],[-76.026,-10.4261],[-76.0434,-10.3297],[-76.0531,-10.2235],[-76.0674,-10.1946],[-76.0406,-10.1066],[-76.0525,-10.0952],[-76.1254,-10.0679],[-76.1275,-10.0344],[-76.1362,-9.9863],[-76.1154,-9.9401],[-76.1245,-9.9254],[-76.1217,-9.8858],[-76.0868,-9.8813],[-76.0625,-9.82],[-75.9395,-9.8057],[-75.874,-9.7929],[-75.8246,-9.832],[-75.7946,-9.8099],[-75.8104,-9.7641],[-75.7978,-9.7028],[-75.7139,-9.6125],[-75.7115,-9.6908],[-75.7245,-9.74],[-75.7163,-9.8023],[-75.7529,-9.817],[-75.7614,-9.8564],[-75.7271,-9.8927],[-75.6553,-9.9438],[-75.5937,-9.9518],[-75.6086,-10.0229],[-75.647,-10.0256],[-75.6749,-10.0471],[-75.7031,-10.133]]]}},{"type":"Feature","id":1009,"properties":{"u":"1009","n":"Puerto Inca","d":"Huánuco","c":[-9.2835,-74.9329]},"geometry":{"type":"Polygon","coordinates":[[[-74.6771,-9.4283],[-74.7277,-9.47],[-74.7505,-9.5246],[-74.7352,-9.5727],[-74.807,-9.6866],[-74.8044,-9.7298],[-74.8494,-9.7483],[-74.8977,-9.7371],[-74.9431,-9.7611],[-74.9994,-9.8385],[-75.0599,-9.8197],[-75.1084,-9.8463],[-75.1601,-9.84],[-75.2569,-9.7786],[-75.3106,-9.7747],[-75.2758,-9.8498],[-75.2882,-9.8707],[-75.3694,-9.8708],[-75.3957,-9.914],[-75.4417,-9.9363],[-75.4641,-9.9943],[-75.5486,-9.9836],[-75.5937,-9.9518],[-75.6553,-9.9438],[-75.7271,-9.8927],[-75.7614,-9.8564],[-75.7529,-9.817],[-75.7163,-9.8023],[-75.7245,-9.74],[-75.7115,-9.6908],[-75.7139,-9.6125],[-75.6776,-9.5601],[-75.6687,-9.5096],[-75.6336,-9.4502],[-75.6216,-9.3967],[-75.5624,-9.4002],[-75.4944,-9.3774],[-75.4521,-9.2967],[-75.3289,-9.297],[-75.281,-9.3045],[-75.2623,-9.2704],[-75.2097,-9.2299],[-75.2081,-9.1016],[-75.151,-9.0387],[-75.1433,-8.9722],[-75.0944,-8.9223],[-75.0456,-8.9042],[-75.0126,-8.9136],[-74.9789,-8.952],[-74.9342,-8.9302],[-74.9536,-8.8581],[-74.9113,-8.8232],[-74.8506,-8.7569],[-74.8467,-8.6612],[-74.6622,-8.5611],[-74.5776,-8.5538],[-74.5471,-8.5846],[-74.5254,-8.7493],[-74.5322,-8.7761],[-74.6163,-8.8279],[-74.6242,-8.8887],[-74.6443,-8.9188],[-74.6514,-9.0488],[-74.6781,-9.094],[-74.6407,-9.1186],[-74.6396,-9.1597],[-74.5894,-9.3032],[-74.6685,-9.3859],[-74.6771,-9.4283]]]}},{"type":"Feature","id":1010,"properties":{"u":"1010","n":"Lauricocha","d":"Huánuco","c":[-10.1574,-76.7229]},"geometry":{"type":"Polygon","coordinates":[[[-76.494,-10.3105],[-76.4865,-10.3667],[-76.4968,-10.3803],[-76.6074,-10.4052],[-76.6968,-10.4425],[-76.7251,-10.4857],[-76.77,-10.4648],[-76.7999,-10.4191],[-76.8057,-10.3923],[-76.8564,-10.3773],[-76.8945,-10.3043],[-76.9062,-10.2742],[-76.9155,-10.1199],[-76.9039,-10.1154],[-76.8799,-10.1166],[-76.812,-10.0509],[-76.824,-10.011],[-76.7732,-9.9941],[-76.7799,-9.957],[-76.7359,-9.9339],[-76.7201,-9.8984],[-76.6801,-9.9053],[-76.6411,-9.8817],[-76.6265,-9.9192],[-76.6358,-9.9315],[-76.5705,-9.9592],[-76.5965,-10.0403],[-76.5958,-10.1019],[-76.5468,-10.1117],[-76.5209,-10.1949],[-76.5129,-10.2918],[-76.494,-10.3105]]]}},{"type":"Feature","id":1011,"properties":{"u":"1011","n":"Yarowilca","d":"Huánuco","c":[-9.8169,-76.6045]},"geometry":{"type":"Polygon","coordinates":[[[-76.6265,-9.9192],[-76.6411,-9.8817],[-76.6801,-9.9053],[-76.7201,-9.8984],[-76.758,-9.8425],[-76.7358,-9.753],[-76.7025,-9.748],[-76.7037,-9.6898],[-76.6897,-9.7015],[-76.5981,-9.6725],[-76.5589,-9.6827],[-76.526,-9.6657],[-76.477,-9.6739],[-76.463,-9.707],[-76.484,-9.7404],[-76.4705,-9.8095],[-76.4444,-9.8244],[-76.4551,-9.8816],[-76.493,-9.9063],[-76.5223,-9.9135],[-76.5705,-9.9592],[-76.6358,-9.9315],[-76.6265,-9.9192]]]}},{"type":"Feature","id":1101,"properties":{"u":"1101","n":"Ica","d":"Ica","c":[-14.3555,-75.6157]},"geometry":{"type":"Polygon","coordinates":[[[-75.932,-14.5683],[-75.9742,-14.5253],[-75.9665,-14.4901],[-75.9855,-14.458],[-76.0367,-14.4261],[-76.0035,-14.3902],[-75.9862,-14.2963],[-76.0331,-14.2766],[-76.0717,-14.2327],[-76.0715,-14.2069],[-76.0218,-14.1245],[-76.0263,-14.1079],[-75.9865,-14.0695],[-75.9977,-14.0278],[-76.0255,-14.005],[-76.025,-13.9592],[-76.0613,-13.9048],[-76.028,-13.8401],[-76.0013,-13.8383],[-75.8845,-13.8552],[-75.8532,-13.8371],[-75.7889,-13.8564],[-75.6747,-13.8139],[-75.5979,-13.7743],[-75.5681,-13.7422],[-75.5546,-13.7496],[-75.5249,-13.8179],[-75.5634,-13.8409],[-75.5455,-13.8895],[-75.4338,-13.9139],[-75.3534,-13.9924],[-75.3332,-14.016],[-75.2323,-14.0048],[-75.2192,-14.0489],[-75.2106,-14.0504],[-75.2397,-14.084],[-75.2262,-14.1264],[-75.243,-14.1524],[-75.2354,-14.2008],[-75.2326,-14.2897],[-75.2398,-14.3208],[-75.2279,-14.3954],[-75.265,-14.4466],[-75.3012,-14.4725],[-75.3169,-14.5308],[-75.3637,-14.5821],[-75.3609,-14.6207],[-75.4263,-14.6431],[-75.4106,-14.6852],[-75.4327,-14.75],[-75.4161,-14.7747],[-75.4403,-14.8949],[-75.494,-14.9297],[-75.5745,-14.8678],[-75.6799,-14.8178],[-75.7844,-14.7483],[-75.8558,-14.7157],[-75.8558,-14.6944],[-75.9165,-14.6592],[-75.932,-14.5683]]]}},{"type":"Feature","id":1102,"properties":{"u":"1102","n":"Chincha","d":"Ica","c":[-13.2972,-75.9627]},"geometry":{"type":"Polygon","coordinates":[[[-76.1869,-13.5535],[-76.1943,-13.4163],[-76.2448,-13.3235],[-76.2073,-13.3061],[-76.156,-13.1937],[-76.1145,-13.1651],[-76.0834,-13.1381],[-76.0119,-13.0855],[-75.9692,-13.0416],[-75.9614,-13.0014],[-75.9377,-12.9913],[-75.8788,-13.016],[-75.8216,-13.0332],[-75.8021,-13.0604],[-75.7646,-13.0182],[-75.7255,-13.0381],[-75.6704,-13.0226],[-75.6632,-12.994],[-75.6144,-12.9649],[-75.6286,-13.0571],[-75.6525,-13.0705],[-75.695,-13.0748],[-75.7188,-13.1098],[-75.7078,-13.1427],[-75.6946,-13.1569],[-75.7063,-13.1868],[-75.7065,-13.2883],[-75.7826,-13.3317],[-75.8068,-13.4008],[-75.7122,-13.4164],[-75.6893,-13.4397],[-75.8145,-13.6196],[-75.8638,-13.6114],[-75.9349,-13.6314],[-75.987,-13.5716],[-76.0875,-13.5641],[-76.1916,-13.5945],[-76.1869,-13.5535]]]}},{"type":"Feature","id":1103,"properties":{"u":"1103","n":"Nazca","d":"Ica","c":[-14.9841,-75.0658]},"geometry":{"type":"Polygon","coordinates":[[[-74.7623,-15.0981],[-74.8552,-15.1538],[-74.8706,-15.1512],[-74.9399,-15.206],[-74.9682,-15.2994],[-75.0039,-15.3302],[-75.0497,-15.4345],[-75.0733,-15.4429],[-75.0826,-15.4237],[-75.1859,-15.3672],[-75.1522,-15.3494],[-75.1688,-15.3074],[-75.2306,-15.2772],[-75.2166,-15.2314],[-75.2747,-15.1683],[-75.3687,-15.1408],[-75.4415,-15.003],[-75.5043,-14.9599],[-75.494,-14.9297],[-75.4403,-14.8949],[-75.4161,-14.7747],[-75.4327,-14.75],[-75.4106,-14.6852],[-75.4263,-14.6431],[-75.3609,-14.6207],[-75.3637,-14.5821],[-75.3303,-14.6154],[-75.2489,-14.5881],[-75.2188,-14.6464],[-75.1856,-14.6369],[-75.1422,-14.6788],[-75.1327,-14.6444],[-75.0952,-14.624],[-75.0801,-14.569],[-75.0599,-14.6226],[-74.9589,-14.6065],[-74.9472,-14.5819],[-74.8842,-14.5455],[-74.8784,-14.5875],[-74.8528,-14.6118],[-74.7882,-14.6156],[-74.8466,-14.6661],[-74.8438,-14.7031],[-74.8027,-14.7522],[-74.7764,-14.7289],[-74.7385,-14.7537],[-74.7569,-14.7951],[-74.7322,-14.8424],[-74.6938,-14.8382],[-74.6739,-14.8787],[-74.6855,-14.9295],[-74.6594,-14.9703],[-74.6657,-14.9979],[-74.6643,-15.0447],[-74.7623,-15.0981]]]}},{"type":"Feature","id":1104,"properties":{"u":"1104","n":"Palpa","d":"Ica","c":[-14.3398,-75.1686]},"geometry":{"type":"Polygon","coordinates":[[[-75.1327,-14.6444],[-75.1422,-14.6788],[-75.1856,-14.6369],[-75.2188,-14.6464],[-75.2489,-14.5881],[-75.3303,-14.6154],[-75.3637,-14.5821],[-75.3169,-14.5308],[-75.3012,-14.4725],[-75.265,-14.4466],[-75.2279,-14.3954],[-75.2398,-14.3208],[-75.2326,-14.2897],[-75.2354,-14.2008],[-75.243,-14.1524],[-75.2262,-14.1264],[-75.2397,-14.084],[-75.2106,-14.0504],[-75.1657,-14.0725],[-75.1088,-14.0329],[-75.059,-14.1296],[-75.0902,-14.2142],[-75.0322,-14.2657],[-75.0939,-14.3124],[-75.1051,-14.3588],[-75.1398,-14.4159],[-75.1013,-14.4332],[-75.053,-14.4312],[-75.0965,-14.4878],[-75.0801,-14.569],[-75.0952,-14.624],[-75.1327,-14.6444]]]}},{"type":"Feature","id":1105,"properties":{"u":"1105","n":"Pisco","d":"Ica","c":[-13.8852,-76.2208]},"geometry":{"type":"Polygon","coordinates":[[[-75.9977,-14.0278],[-75.9865,-14.0695],[-76.0263,-14.1079],[-76.0218,-14.1245],[-76.0715,-14.2069],[-76.0717,-14.2327],[-76.0331,-14.2766],[-75.9862,-14.2963],[-76.0035,-14.3902],[-76.0367,-14.4261],[-76.0662,-14.3869],[-76.1319,-14.3543],[-76.1099,-14.2927],[-76.1436,-14.2276],[-76.1907,-14.1975],[-76.2305,-14.1491],[-76.2902,-14.1615],[-76.2857,-14.0895],[-76.2665,-14.0147],[-76.2825,-13.918],[-76.33,-13.925],[-76.3963,-13.9089],[-76.3713,-13.8089],[-76.2962,-13.7935],[-76.3008,-13.8377],[-76.261,-13.8656],[-76.2219,-13.7209],[-76.217,-13.6812],[-76.1916,-13.5945],[-76.0875,-13.5641],[-75.987,-13.5716],[-75.9349,-13.6314],[-75.8638,-13.6114],[-75.8145,-13.6196],[-75.6893,-13.4397],[-75.5851,-13.4027],[-75.5389,-13.405],[-75.5032,-13.3528],[-75.4863,-13.4139],[-75.4658,-13.4322],[-75.4773,-13.5255],[-75.511,-13.5889],[-75.4849,-13.651],[-75.5294,-13.7401],[-75.5546,-13.7496],[-75.5681,-13.7422],[-75.5979,-13.7743],[-75.6747,-13.8139],[-75.7889,-13.8564],[-75.8532,-13.8371],[-75.8845,-13.8552],[-76.0013,-13.8383],[-76.028,-13.8401],[-76.0613,-13.9048],[-76.025,-13.9592],[-76.0255,-14.005],[-75.9977,-14.0278]]]}},{"type":"Feature","id":1201,"properties":{"u":"1201","n":"Huancayo","d":"Junín","c":[-12.1594,-75.151]},"geometry":{"type":"Polygon","coordinates":[[[-75.4154,-12.6284],[-75.4526,-12.6577],[-75.5387,-12.6217],[-75.5796,-12.6415],[-75.5721,-12.5836],[-75.5362,-12.5173],[-75.5501,-12.4739],[-75.5596,-12.4107],[-75.4716,-12.3923],[-75.3525,-12.3276],[-75.2998,-12.2583],[-75.2716,-12.2666],[-75.2444,-12.2418],[-75.2677,-12.1832],[-75.2443,-12.1541],[-75.2321,-12.1165],[-75.2322,-12.0877],[-75.2362,-12.0696],[-75.2388,-12.0631],[-75.2602,-12.0592],[-75.2757,-12.0508],[-75.3022,-12.0479],[-75.3307,-12.0103],[-75.2801,-11.9775],[-75.3128,-11.938],[-75.2905,-11.8982],[-75.2922,-11.8862],[-75.2746,-11.8635],[-75.2507,-11.8099],[-75.1724,-11.7977],[-75.1605,-11.8207],[-75.1293,-11.8422],[-75.0922,-11.8341],[-75.0625,-11.889],[-75.0156,-11.8213],[-74.9929,-11.8169],[-74.9215,-11.8461],[-74.8879,-11.8463],[-74.851,-11.8023],[-74.8386,-11.7629],[-74.77,-11.7623],[-74.7653,-11.7076],[-74.721,-11.6647],[-74.6757,-11.6718],[-74.6425,-11.701],[-74.6485,-11.7379],[-74.5967,-11.8185],[-74.5779,-11.8824],[-74.536,-11.8784],[-74.4867,-11.9422],[-74.5076,-11.9871],[-74.549,-11.997],[-74.6242,-11.9852],[-74.6709,-12.0121],[-74.6816,-12.0295],[-74.7201,-12.0591],[-74.7486,-12.0414],[-74.7943,-12.0583],[-74.8708,-12.066],[-74.9526,-12.0158],[-75.0471,-12.0116],[-75.0846,-12.0562],[-75.052,-12.1647],[-75.0716,-12.2352],[-75.1004,-12.2511],[-75.0985,-12.2826],[-75.1305,-12.3286],[-75.131,-12.3785],[-75.1469,-12.3955],[-75.1824,-12.3603],[-75.211,-12.3853],[-75.2155,-12.4093],[-75.2155,-12.4634],[-75.2784,-12.4678],[-75.3247,-12.4855],[-75.3193,-12.5145],[-75.3624,-12.5396],[-75.3991,-12.5825],[-75.4154,-12.6284]]]}},{"type":"Feature","id":1202,"properties":{"u":"1202","n":"Concepcion","d":"Junín","c":[-11.8112,-75.0119]},"geometry":{"type":"Polygon","coordinates":[[[-75.5276,-12.1944],[-75.5924,-12.1447],[-75.6275,-12.1417],[-75.6943,-12.0427],[-75.6565,-12.0087],[-75.6228,-12.0223],[-75.5797,-12.002],[-75.5434,-12.0273],[-75.473,-11.9962],[-75.4523,-11.9586],[-75.3931,-11.9261],[-75.3579,-11.9003],[-75.401,-11.8742],[-75.3743,-11.8638],[-75.3366,-11.8568],[-75.3109,-11.8576],[-75.2662,-11.8125],[-75.2624,-11.7906],[-75.2002,-11.7506],[-75.1923,-11.7076],[-75.2241,-11.6612],[-75.2116,-11.6249],[-75.1949,-11.6253],[-75.1517,-11.5287],[-75.1328,-11.5243],[-75.0983,-11.4967],[-75.0356,-11.4728],[-74.999,-11.427],[-74.9729,-11.4382],[-74.916,-11.4882],[-74.9541,-11.5039],[-74.975,-11.5508],[-74.9327,-11.5559],[-74.8869,-11.5387],[-74.8202,-11.5884],[-74.766,-11.5984],[-74.7297,-11.611],[-74.721,-11.6647],[-74.7653,-11.7076],[-74.77,-11.7623],[-74.8386,-11.7629],[-74.851,-11.8023],[-74.8879,-11.8463],[-74.9215,-11.8461],[-74.9929,-11.8169],[-75.0156,-11.8213],[-75.0625,-11.889],[-75.0922,-11.8341],[-75.1293,-11.8422],[-75.1605,-11.8207],[-75.1724,-11.7977],[-75.2507,-11.8099],[-75.2746,-11.8635],[-75.2922,-11.8862],[-75.2905,-11.8982],[-75.3128,-11.938],[-75.2801,-11.9775],[-75.3554,-12.0278],[-75.3918,-12.0399],[-75.4235,-12.0431],[-75.4628,-12.057],[-75.4584,-12.0784],[-75.5324,-12.1457],[-75.5276,-12.1944]]]}},{"type":"Feature","id":1203,"properties":{"u":"1203","n":"Chanchamayo","d":"Junín","c":[-10.9927,-75.0422]},"geometry":{"type":"Polygon","coordinates":[[[-75.0284,-11.3502],[-75.3066,-11.3008],[-75.4348,-11.2582],[-75.5067,-11.2241],[-75.5793,-11.2287],[-75.5884,-11.1771],[-75.6377,-11.1642],[-75.669,-11.1008],[-75.6043,-11.0751],[-75.5844,-11.0514],[-75.5278,-11.0501],[-75.4641,-11.0242],[-75.4235,-10.9369],[-75.4534,-10.9003],[-75.4092,-10.8578],[-75.3857,-10.8649],[-75.3173,-10.8636],[-75.2624,-10.8253],[-75.244,-10.7669],[-75.2043,-10.7647],[-75.191,-10.7157],[-75.1198,-10.7302],[-75.0646,-10.6534],[-75.0167,-10.6771],[-74.9828,-10.7498],[-74.9565,-10.7328],[-74.8933,-10.7691],[-74.8313,-10.7805],[-74.7918,-10.8311],[-74.7327,-10.8357],[-74.7002,-10.8779],[-74.6974,-10.9554],[-74.6612,-10.9528],[-74.6226,-10.9764],[-74.6474,-11.009],[-74.7296,-11.0172],[-74.7459,-11.0674],[-74.8559,-11.1484],[-74.8769,-11.1557],[-74.911,-11.2131],[-74.8901,-11.2697],[-74.9682,-11.3003],[-75.0442,-11.2976],[-75.0284,-11.3502]]]}},{"type":"Feature","id":1204,"properties":{"u":"1204","n":"Jauja","d":"Junín","c":[-11.6504,-75.4843]},"geometry":{"type":"Polygon","coordinates":[[[-75.5797,-12.002],[-75.6228,-12.0223],[-75.6565,-12.0087],[-75.6943,-12.0427],[-75.7657,-12.0596],[-75.8241,-12.0157],[-75.926,-11.9843],[-75.9477,-11.9943],[-75.9932,-11.9947],[-76.0519,-11.939],[-76.0243,-11.8976],[-75.9935,-11.8996],[-75.9557,-11.8705],[-75.9067,-11.8736],[-75.8931,-11.7836],[-75.8323,-11.7698],[-75.815,-11.7896],[-75.7546,-11.7747],[-75.7345,-11.7468],[-75.7003,-11.713],[-75.7564,-11.6396],[-75.8018,-11.5448],[-75.7706,-11.5369],[-75.6894,-11.5564],[-75.6228,-11.5886],[-75.6008,-11.5776],[-75.5491,-11.5983],[-75.5685,-11.557],[-75.5472,-11.5036],[-75.4708,-11.5121],[-75.4772,-11.483],[-75.4613,-11.4289],[-75.4097,-11.3878],[-75.4021,-11.3457],[-75.431,-11.3323],[-75.4348,-11.2582],[-75.3066,-11.3008],[-75.0284,-11.3502],[-74.9729,-11.4382],[-74.999,-11.427],[-75.0356,-11.4728],[-75.0983,-11.4967],[-75.1328,-11.5243],[-75.1517,-11.5287],[-75.1949,-11.6253],[-75.2116,-11.6249],[-75.2241,-11.6612],[-75.1923,-11.7076],[-75.2002,-11.7506],[-75.2624,-11.7906],[-75.2662,-11.8125],[-75.3109,-11.8576],[-75.3366,-11.8568],[-75.3743,-11.8638],[-75.401,-11.8742],[-75.3579,-11.9003],[-75.3931,-11.9261],[-75.4523,-11.9586],[-75.473,-11.9962],[-75.5434,-12.0273],[-75.5797,-12.002]]]}},{"type":"Feature","id":1205,"properties":{"u":"1205","n":"Junin","d":"Junín","c":[-11.0562,-75.9245]},"geometry":{"type":"Polygon","coordinates":[[[-75.9601,-11.2174],[-75.8901,-11.3332],[-75.9602,-11.3333],[-76.0133,-11.3757],[-76.0824,-11.388],[-76.1081,-11.3355],[-76.1361,-11.3154],[-76.1774,-11.2424],[-76.1851,-11.1856],[-76.2494,-11.1073],[-76.2412,-11.0611],[-76.2778,-10.9404],[-76.2789,-10.9235],[-76.2598,-10.9214],[-76.248,-10.9332],[-76.2482,-10.9386],[-76.2368,-10.9578],[-76.1763,-11.0442],[-76.1144,-11.1095],[-76.0651,-11.1128],[-76.0297,-11.0872],[-76.0119,-11.046],[-76.071,-10.976],[-76.1229,-10.9626],[-76.0913,-10.9066],[-76.0445,-10.8795],[-75.9933,-10.8208],[-75.9371,-10.8715],[-75.9359,-10.8897],[-75.8583,-10.8679],[-75.8384,-10.8863],[-75.786,-10.8246],[-75.7324,-10.8092],[-75.6934,-10.8342],[-75.5897,-10.8109],[-75.5678,-10.7271],[-75.5569,-10.7441],[-75.469,-10.7739],[-75.4808,-10.8498],[-75.4652,-10.9011],[-75.4964,-10.9518],[-75.6002,-10.9545],[-75.6655,-10.9496],[-75.7277,-10.9994],[-75.8026,-11.0149],[-75.8323,-11.0513],[-75.8389,-11.1194],[-75.8804,-11.1415],[-75.922,-11.2197],[-75.9601,-11.2174]]]}},{"type":"Feature","id":1206,"properties":{"u":"1206","n":"Satipo","d":"Junín","c":[-11.5721,-74.1826]},"geometry":{"type":"Polygon","coordinates":[[[-74.0984,-12.2849],[-74.1214,-12.3336],[-74.1873,-12.3066],[-74.2973,-12.226],[-74.3219,-12.2298],[-74.3459,-12.1737],[-74.3524,-12.1478],[-74.412,-12.1019],[-74.4555,-12.0336],[-74.4884,-12.0332],[-74.549,-11.997],[-74.5076,-11.9871],[-74.4867,-11.9422],[-74.536,-11.8784],[-74.5779,-11.8824],[-74.5967,-11.8185],[-74.6485,-11.7379],[-74.6425,-11.701],[-74.6757,-11.6718],[-74.721,-11.6647],[-74.7297,-11.611],[-74.766,-11.5984],[-74.8202,-11.5884],[-74.8869,-11.5387],[-74.9327,-11.5559],[-74.975,-11.5508],[-74.9541,-11.5039],[-74.916,-11.4882],[-74.9729,-11.4382],[-75.0284,-11.3502],[-75.0442,-11.2976],[-74.9682,-11.3003],[-74.8901,-11.2697],[-74.911,-11.2131],[-74.8769,-11.1557],[-74.8559,-11.1484],[-74.7459,-11.0674],[-74.7296,-11.0172],[-74.6474,-11.009],[-74.6226,-10.9764],[-74.6612,-10.9528],[-74.6974,-10.9554],[-74.7002,-10.8779],[-74.6493,-10.8671],[-74.6141,-10.9046],[-74.573,-10.9126],[-74.5084,-10.9503],[-74.5001,-10.996],[-74.4454,-11.0049],[-74.3737,-11.0565],[-74.2564,-11.0182],[-74.2015,-11.0197],[-74.1909,-10.986],[-74.148,-10.9988],[-74.0918,-10.9868],[-74.0055,-10.9932],[-73.9787,-11.07],[-73.9783,-11.1206],[-73.9165,-11.1431],[-73.8887,-11.1701],[-73.8613,-11.1455],[-73.8666,-11.0374],[-73.8541,-10.9549],[-73.8234,-10.9211],[-73.8142,-10.7999],[-73.7572,-10.7359],[-73.6962,-10.773],[-73.6104,-10.8466],[-73.5603,-10.8606],[-73.5715,-10.9581],[-73.5426,-11.0474],[-73.4826,-11.0652],[-73.4752,-11.1284],[-73.4501,-11.2247],[-73.4601,-11.3027],[-73.4841,-11.3193],[-73.4498,-11.3681],[-73.4197,-11.3839],[-73.4797,-11.4714],[-73.4497,-11.5319],[-73.5597,-11.5921],[-73.6083,-11.6602],[-73.5745,-11.7341],[-73.5775,-11.8365],[-73.4905,-11.8782],[-73.4411,-11.9442],[-73.4377,-11.9896],[-73.3979,-12.0209],[-73.4077,-12.066],[-73.3619,-12.136],[-73.4461,-12.1603],[-73.4696,-12.22],[-73.5743,-12.2768],[-73.5905,-12.3769],[-73.6038,-12.387],[-73.6445,-12.372],[-73.665,-12.3211],[-73.7078,-12.2679],[-73.7369,-12.2668],[-73.8019,-12.2203],[-73.8432,-12.2394],[-73.9238,-12.2247],[-73.9805,-12.2426],[-73.9888,-12.274],[-74.0378,-12.2623],[-74.0984,-12.2849]]]}},{"type":"Feature","id":1207,"properties":{"u":"1207","n":"Tarma","d":"Junín","c":[-11.2435,-75.7051]},"geometry":{"type":"Polygon","coordinates":[[[-75.6008,-11.5776],[-75.6228,-11.5886],[-75.6894,-11.5564],[-75.7706,-11.5369],[-75.8018,-11.5448],[-75.8268,-11.5371],[-75.8943,-11.4576],[-75.9164,-11.4158],[-75.8827,-11.4032],[-75.9602,-11.3333],[-75.8901,-11.3332],[-75.9601,-11.2174],[-75.922,-11.2197],[-75.8804,-11.1415],[-75.8389,-11.1194],[-75.8323,-11.0513],[-75.8026,-11.0149],[-75.7277,-10.9994],[-75.6655,-10.9496],[-75.6002,-10.9545],[-75.4964,-10.9518],[-75.4652,-10.9011],[-75.4534,-10.9003],[-75.4235,-10.9369],[-75.4641,-11.0242],[-75.5278,-11.0501],[-75.5844,-11.0514],[-75.6043,-11.0751],[-75.669,-11.1008],[-75.6377,-11.1642],[-75.5884,-11.1771],[-75.5793,-11.2287],[-75.5067,-11.2241],[-75.4348,-11.2582],[-75.431,-11.3323],[-75.4021,-11.3457],[-75.4097,-11.3878],[-75.4613,-11.4289],[-75.4772,-11.483],[-75.4708,-11.5121],[-75.5472,-11.5036],[-75.5685,-11.557],[-75.5491,-11.5983],[-75.6008,-11.5776]]]}},{"type":"Feature","id":1208,"properties":{"u":"1208","n":"Yauli","d":"Junín","c":[-11.5193,-76.1035]},"geometry":{"type":"Polygon","coordinates":[[[-75.9557,-11.8705],[-75.9935,-11.8996],[-76.0243,-11.8976],[-76.0519,-11.939],[-76.0571,-11.9248],[-76.0519,-11.8996],[-76.1369,-11.781],[-76.2023,-11.728],[-76.2049,-11.6595],[-76.1807,-11.6144],[-76.2273,-11.5539],[-76.2977,-11.5962],[-76.3279,-11.5443],[-76.35,-11.5423],[-76.3768,-11.5015],[-76.3715,-11.4755],[-76.4118,-11.4146],[-76.4227,-11.3549],[-76.457,-11.3344],[-76.4777,-11.2935],[-76.4941,-11.2079],[-76.5184,-11.1161],[-76.4912,-11.0894],[-76.3972,-11.0758],[-76.3181,-11.0916],[-76.3079,-11.1327],[-76.2146,-11.1503],[-76.1851,-11.1856],[-76.1774,-11.2424],[-76.1361,-11.3154],[-76.1081,-11.3355],[-76.0824,-11.388],[-76.0133,-11.3757],[-75.9602,-11.3333],[-75.8827,-11.4032],[-75.9164,-11.4158],[-75.8943,-11.4576],[-75.8268,-11.5371],[-75.8018,-11.5448],[-75.7564,-11.6396],[-75.7003,-11.713],[-75.7345,-11.7468],[-75.7546,-11.7747],[-75.815,-11.7896],[-75.8323,-11.7698],[-75.8931,-11.7836],[-75.9067,-11.8736],[-75.9557,-11.8705]]]}},{"type":"Feature","id":1209,"properties":{"u":"1209","n":"Chupaca","d":"Junín","c":[-12.2181,-75.451]},"geometry":{"type":"Polygon","coordinates":[[[-75.2322,-12.0877],[-75.2321,-12.1165],[-75.2443,-12.1541],[-75.2677,-12.1832],[-75.2444,-12.2418],[-75.2716,-12.2666],[-75.2998,-12.2583],[-75.3525,-12.3276],[-75.4716,-12.3923],[-75.5596,-12.4107],[-75.5641,-12.3363],[-75.5925,-12.3156],[-75.6294,-12.246],[-75.6641,-12.1941],[-75.6275,-12.1417],[-75.5924,-12.1447],[-75.5276,-12.1944],[-75.5324,-12.1457],[-75.4584,-12.0784],[-75.4628,-12.057],[-75.4235,-12.0431],[-75.3918,-12.0399],[-75.3554,-12.0278],[-75.3307,-12.0103],[-75.3022,-12.0479],[-75.2757,-12.0508],[-75.2602,-12.0592],[-75.2388,-12.0631],[-75.2322,-12.0877]]]}},{"type":"Feature","id":1301,"properties":{"u":"1301","n":"Trujillo","d":"La Libertad","c":[-8.0761,-78.9221]},"geometry":{"type":"Polygon","coordinates":[[[-79.0383,-8.161],[-79.1156,-8.0967],[-79.1301,-8.0598],[-79.2105,-7.999],[-79.1495,-7.9437],[-79.1169,-7.946],[-79.1059,-7.982],[-79.04,-7.9883],[-79.0123,-7.9597],[-78.9906,-7.9003],[-78.946,-7.8963],[-78.9034,-7.8874],[-78.8848,-7.842],[-78.8163,-7.7969],[-78.7757,-7.8007],[-78.7802,-7.8836],[-78.7272,-7.8834],[-78.7328,-7.8993],[-78.6898,-7.9461],[-78.6823,-7.9967],[-78.7115,-8.0162],[-78.7231,-8.0923],[-78.6824,-8.0972],[-78.6818,-8.1254],[-78.6391,-8.143],[-78.7639,-8.1738],[-78.7798,-8.2016],[-78.8408,-8.1911],[-78.8375,-8.2293],[-78.8025,-8.2576],[-78.8168,-8.31],[-78.8814,-8.3427],[-78.9005,-8.3715],[-78.9576,-8.2935],[-78.9625,-8.2528],[-78.9994,-8.1984],[-79.0383,-8.161]]]}},{"type":"Feature","id":1302,"properties":{"u":"1302","n":"Ascope","d":"La Libertad","c":[-7.7026,-79.1789]},"geometry":{"type":"Polygon","coordinates":[[[-79.3757,-7.8421],[-79.3924,-7.7878],[-79.4657,-7.7119],[-79.4353,-7.6934],[-79.4548,-7.638],[-79.3868,-7.5986],[-79.3584,-7.5591],[-79.313,-7.5801],[-79.2946,-7.5155],[-79.2072,-7.4017],[-79.1873,-7.3887],[-79.1527,-7.4398],[-79.0654,-7.4727],[-79.0659,-7.5208],[-79.0391,-7.5612],[-79.0412,-7.5999],[-78.9921,-7.6609],[-78.9594,-7.6556],[-78.9428,-7.6227],[-78.9078,-7.5981],[-78.8395,-7.59],[-78.8076,-7.5734],[-78.8038,-7.6341],[-78.896,-7.6454],[-78.9123,-7.6861],[-78.8931,-7.749],[-78.8163,-7.7969],[-78.8848,-7.842],[-78.9034,-7.8874],[-78.946,-7.8963],[-78.9906,-7.9003],[-79.0123,-7.9597],[-79.04,-7.9883],[-79.1059,-7.982],[-79.1169,-7.946],[-79.1495,-7.9437],[-79.2105,-7.999],[-79.2847,-7.9443],[-79.3757,-7.8421]]]}},{"type":"Feature","id":1303,"properties":{"u":"1303","n":"Bolivar","d":"La Libertad","c":[-7.2874,-77.7407]},"geometry":{"type":"Polygon","coordinates":[[[-77.6059,-7.6471],[-77.622,-7.6222],[-77.7009,-7.5935],[-77.7071,-7.5566],[-77.744,-7.5059],[-77.746,-7.4792],[-77.7682,-7.4382],[-77.8134,-7.3925],[-77.8296,-7.3476],[-77.8311,-7.31],[-77.8596,-7.2649],[-77.8546,-7.2309],[-77.8825,-7.2026],[-77.9105,-7.1621],[-77.9511,-7.0646],[-77.9995,-6.9705],[-77.9307,-6.9862],[-77.8803,-6.9625],[-77.8459,-6.9764],[-77.7793,-6.9415],[-77.7589,-6.9645],[-77.7134,-7.1079],[-77.6435,-7.149],[-77.6055,-7.2192],[-77.6467,-7.2407],[-77.6286,-7.32],[-77.6308,-7.414],[-77.599,-7.4485],[-77.5595,-7.4648],[-77.5269,-7.5048],[-77.5367,-7.5823],[-77.5309,-7.6545],[-77.5456,-7.6722],[-77.6059,-7.6471]]]}},{"type":"Feature","id":1304,"properties":{"u":"1304","n":"Chepen","d":"La Libertad","c":[-7.1343,-79.4757]},"geometry":{"type":"Polygon","coordinates":[[[-79.2713,-7.2151],[-79.2826,-7.2751],[-79.3693,-7.3241],[-79.404,-7.3023],[-79.4541,-7.2292],[-79.5418,-7.2539],[-79.5611,-7.2885],[-79.5997,-7.2857],[-79.6906,-7.1771],[-79.5209,-6.9938],[-79.5033,-6.9674],[-79.4547,-6.9463],[-79.4008,-6.9569],[-79.3596,-7.005],[-79.3226,-7.0257],[-79.3316,-7.0574],[-79.2962,-7.1296],[-79.3046,-7.139],[-79.2518,-7.1983],[-79.2713,-7.2151]]]}},{"type":"Feature","id":1305,"properties":{"u":"1305","n":"Julcan","d":"La Libertad","c":[-8.1694,-78.4824]},"geometry":{"type":"Polygon","coordinates":[[[-78.3129,-8.2534],[-78.3773,-8.3102],[-78.4121,-8.3041],[-78.4299,-8.3602],[-78.5504,-8.3242],[-78.5883,-8.3075],[-78.5658,-8.251],[-78.5957,-8.2359],[-78.607,-8.1954],[-78.6525,-8.1847],[-78.6391,-8.143],[-78.6818,-8.1254],[-78.6824,-8.0972],[-78.5957,-8.0616],[-78.574,-8.0726],[-78.5359,-8.0839],[-78.5331,-8.0427],[-78.4576,-7.9916],[-78.4061,-7.9901],[-78.3548,-8.03],[-78.2887,-8.0622],[-78.3244,-8.1541],[-78.2995,-8.2078],[-78.3129,-8.2534]]]}},{"type":"Feature","id":1306,"properties":{"u":"1306","n":"Otuzco","d":"La Libertad","c":[-7.8603,-78.5158]},"geometry":{"type":"Polygon","coordinates":[[[-78.574,-8.0726],[-78.5957,-8.0616],[-78.6824,-8.0972],[-78.7231,-8.0923],[-78.7115,-8.0162],[-78.6823,-7.9967],[-78.6898,-7.9461],[-78.7328,-7.8993],[-78.7272,-7.8834],[-78.7802,-7.8836],[-78.7757,-7.8007],[-78.8163,-7.7969],[-78.8931,-7.749],[-78.9123,-7.6861],[-78.896,-7.6454],[-78.8038,-7.6341],[-78.7125,-7.704],[-78.689,-7.7735],[-78.665,-7.797],[-78.6004,-7.7352],[-78.5964,-7.7035],[-78.5519,-7.7261],[-78.4994,-7.6974],[-78.4897,-7.6339],[-78.3761,-7.64],[-78.3566,-7.6738],[-78.3028,-7.6965],[-78.2612,-7.754],[-78.2733,-7.7849],[-78.2523,-7.8372],[-78.253,-7.8865],[-78.3205,-7.9059],[-78.3245,-7.9301],[-78.3662,-7.9502],[-78.4061,-7.9901],[-78.4576,-7.9916],[-78.5331,-8.0427],[-78.5359,-8.0839],[-78.574,-8.0726]]]}},{"type":"Feature","id":1307,"properties":{"u":"1307","n":"Pacasmayo","d":"La Libertad","c":[-7.422,-79.3991]},"geometry":{"type":"Polygon","coordinates":[[[-79.1865,-7.3773],[-79.1873,-7.3887],[-79.2072,-7.4017],[-79.2946,-7.5155],[-79.313,-7.5801],[-79.3584,-7.5591],[-79.3868,-7.5986],[-79.4548,-7.638],[-79.5409,-7.5213],[-79.579,-7.4423],[-79.5695,-7.3901],[-79.5894,-7.3383],[-79.5997,-7.2857],[-79.5611,-7.2885],[-79.5418,-7.2539],[-79.4541,-7.2292],[-79.404,-7.3023],[-79.3149,-7.3597],[-79.2309,-7.391],[-79.1865,-7.3773]]]}},{"type":"Feature","id":1308,"properties":{"u":"1308","n":"Pataz","d":"La Libertad","c":[-8.0592,-77.4914]},"geometry":{"type":"Polygon","coordinates":[[[-77.4752,-8.3179],[-77.5058,-8.2734],[-77.5658,-8.2372],[-77.5572,-8.1937],[-77.6057,-8.1548],[-77.6245,-8.1175],[-77.6188,-8.0798],[-77.6474,-8.0497],[-77.6408,-7.9833],[-77.6351,-7.955],[-77.6268,-7.9401],[-77.6295,-7.8596],[-77.6565,-7.7979],[-77.6797,-7.6319],[-77.7009,-7.5935],[-77.622,-7.6222],[-77.6059,-7.6471],[-77.5456,-7.6722],[-77.5309,-7.6545],[-77.4845,-7.6997],[-77.4968,-7.7859],[-77.4429,-7.8136],[-77.4375,-7.8517],[-77.4068,-7.9025],[-77.3769,-7.9088],[-77.4067,-7.9953],[-77.3778,-8.0267],[-77.3855,-8.0554],[-77.3033,-8.063],[-77.2588,-8.0468],[-77.2383,-8.0133],[-77.1505,-8.032],[-77.0687,-8.0395],[-77.0196,-8.0527],[-76.9867,-8.1112],[-76.907,-8.1707],[-76.9256,-8.2185],[-76.9033,-8.2681],[-76.9137,-8.3261],[-76.9765,-8.3959],[-77.0855,-8.4062],[-77.1033,-8.438],[-77.1338,-8.44],[-77.2042,-8.4857],[-77.2641,-8.4675],[-77.3175,-8.5302],[-77.366,-8.5071],[-77.3706,-8.4993],[-77.4003,-8.482],[-77.4055,-8.4415],[-77.4379,-8.4163],[-77.4474,-8.3688],[-77.4752,-8.3179]]]}},{"type":"Feature","id":1309,"properties":{"u":"1309","n":"Sanchez Carrion","d":"La Libertad","c":[-7.7251,-77.9282]},"geometry":{"type":"Polygon","coordinates":[[[-77.8383,-7.9752],[-77.8855,-7.998],[-77.9606,-7.9706],[-77.9706,-8.0128],[-78.0043,-7.9744],[-78.0291,-7.912],[-78.073,-7.9443],[-78.1329,-7.9573],[-78.1877,-7.9414],[-78.2083,-7.9043],[-78.253,-7.8865],[-78.2523,-7.8372],[-78.2733,-7.7849],[-78.2612,-7.754],[-78.2247,-7.7593],[-78.1168,-7.6538],[-78.0812,-7.6962],[-78.0509,-7.6789],[-77.9986,-7.6791],[-77.9405,-7.6406],[-77.9228,-7.6003],[-77.8695,-7.5849],[-77.8442,-7.5144],[-77.746,-7.4792],[-77.744,-7.5059],[-77.7071,-7.5566],[-77.7009,-7.5935],[-77.6797,-7.6319],[-77.6565,-7.7979],[-77.6295,-7.8596],[-77.6268,-7.9401],[-77.6351,-7.955],[-77.6408,-7.9833],[-77.7183,-7.9585],[-77.7603,-8.0038],[-77.8039,-8.0075],[-77.8383,-7.9752]]]}},{"type":"Feature","id":1310,"properties":{"u":"1310","n":"Santiago de Chuco","d":"La Libertad","c":[-8.2787,-78.2097]},"geometry":{"type":"Polygon","coordinates":[[[-77.9426,-8.2014],[-77.9796,-8.2112],[-78.0285,-8.2383],[-78.1164,-8.3107],[-78.1355,-8.3672],[-78.1395,-8.4278],[-78.1725,-8.5016],[-78.2169,-8.5569],[-78.1935,-8.6001],[-78.2356,-8.6529],[-78.2826,-8.5719],[-78.2637,-8.4674],[-78.3476,-8.4745],[-78.3743,-8.4596],[-78.3739,-8.4045],[-78.4202,-8.3874],[-78.4299,-8.3602],[-78.4121,-8.3041],[-78.3773,-8.3102],[-78.3129,-8.2534],[-78.2995,-8.2078],[-78.3244,-8.1541],[-78.2887,-8.0622],[-78.3548,-8.03],[-78.4061,-7.9901],[-78.3662,-7.9502],[-78.3245,-7.9301],[-78.3205,-7.9059],[-78.253,-7.8865],[-78.2083,-7.9043],[-78.1877,-7.9414],[-78.1329,-7.9573],[-78.073,-7.9443],[-78.0291,-7.912],[-78.0043,-7.9744],[-77.9706,-8.0128],[-77.9606,-7.9706],[-77.8855,-7.998],[-77.8383,-7.9752],[-77.8039,-8.0075],[-77.7603,-8.0038],[-77.7183,-7.9585],[-77.6408,-7.9833],[-77.6474,-8.0497],[-77.7194,-8.0734],[-77.7858,-8.0792],[-77.8104,-8.0677],[-77.8979,-8.0741],[-77.9426,-8.2014]]]}},{"type":"Feature","id":1311,"properties":{"u":"1311","n":"Gran Chimu","d":"La Libertad","c":[-7.5993,-78.5925]},"geometry":{"type":"Polygon","coordinates":[[[-78.665,-7.797],[-78.689,-7.7735],[-78.7125,-7.704],[-78.8038,-7.6341],[-78.8076,-7.5734],[-78.8395,-7.59],[-78.9078,-7.5981],[-78.9428,-7.6227],[-78.9443,-7.5984],[-78.8959,-7.5374],[-78.8515,-7.5225],[-78.8867,-7.4841],[-78.8104,-7.4229],[-78.7601,-7.402],[-78.6962,-7.4134],[-78.6625,-7.413],[-78.6298,-7.4455],[-78.6496,-7.529],[-78.6251,-7.5483],[-78.4914,-7.5549],[-78.4156,-7.4851],[-78.3358,-7.4952],[-78.3608,-7.53],[-78.3568,-7.574],[-78.3798,-7.6003],[-78.3761,-7.64],[-78.4897,-7.6339],[-78.4994,-7.6974],[-78.5519,-7.7261],[-78.5964,-7.7035],[-78.6004,-7.7352],[-78.665,-7.797]]]}},{"type":"Feature","id":1312,"properties":{"u":"1312","n":"Viru","d":"La Libertad","c":[-8.5608,-78.5345]},"geometry":{"type":"Polygon","coordinates":[[[-78.5883,-8.8587],[-78.5765,-8.889],[-78.6048,-8.9549],[-78.6449,-8.9692],[-78.6517,-8.9144],[-78.7612,-8.774],[-78.7374,-8.7121],[-78.7466,-8.6841],[-78.7485,-8.6215],[-78.7956,-8.5497],[-78.9349,-8.4363],[-78.9008,-8.4142],[-78.9005,-8.3715],[-78.8814,-8.3427],[-78.8168,-8.31],[-78.8025,-8.2576],[-78.8375,-8.2293],[-78.8408,-8.1911],[-78.7798,-8.2016],[-78.7639,-8.1738],[-78.6391,-8.143],[-78.6525,-8.1847],[-78.607,-8.1954],[-78.5957,-8.2359],[-78.5658,-8.251],[-78.5883,-8.3075],[-78.5504,-8.3242],[-78.4299,-8.3602],[-78.4202,-8.3874],[-78.3739,-8.4045],[-78.3743,-8.4596],[-78.3476,-8.4745],[-78.2637,-8.4674],[-78.2826,-8.5719],[-78.2356,-8.6529],[-78.3548,-8.6733],[-78.4482,-8.7369],[-78.5181,-8.753],[-78.5516,-8.775],[-78.5883,-8.8587]]]}},{"type":"Feature","id":1401,"properties":{"u":"1401","n":"Chiclayo","d":"Lambayeque","c":[-6.8366,-79.5761]},"geometry":{"type":"Polygon","coordinates":[[[-79.9316,-6.8736],[-79.9424,-6.8205],[-79.8952,-6.731],[-79.8295,-6.7217],[-79.7814,-6.6796],[-79.753,-6.684],[-79.6978,-6.6847],[-79.6637,-6.7152],[-79.6254,-6.7018],[-79.6203,-6.6641],[-79.5908,-6.6277],[-79.6244,-6.6011],[-79.645,-6.5549],[-79.6242,-6.5133],[-79.5629,-6.5038],[-79.4912,-6.5203],[-79.4339,-6.4813],[-79.4033,-6.5407],[-79.3696,-6.5208],[-79.3579,-6.5689],[-79.336,-6.6028],[-79.353,-6.627],[-79.304,-6.6516],[-79.2964,-6.6757],[-79.2291,-6.6714],[-79.2138,-6.6956],[-79.1416,-6.7015],[-79.1208,-6.777],[-79.2071,-6.8214],[-79.2191,-6.8517],[-79.2973,-6.886],[-79.2966,-6.9998],[-79.3226,-7.0257],[-79.3596,-7.005],[-79.4008,-6.9569],[-79.4547,-6.9463],[-79.5033,-6.9674],[-79.5209,-6.9938],[-79.6906,-7.1771],[-79.6835,-7.1249],[-79.7969,-7.0038],[-79.8661,-6.9486],[-79.8739,-6.9224],[-79.9316,-6.8736]]]}},{"type":"Feature","id":1402,"properties":{"u":"1402","n":"Ferreñafe","d":"Lambayeque","c":[-6.3344,-79.4758]},"geometry":{"type":"Polygon","coordinates":[[[-79.5908,-6.6277],[-79.6203,-6.6641],[-79.6254,-6.7018],[-79.6637,-6.7152],[-79.6978,-6.6847],[-79.753,-6.684],[-79.7814,-6.6796],[-79.8246,-6.6584],[-79.8424,-6.6014],[-79.8298,-6.5711],[-79.8257,-6.5208],[-79.7932,-6.4766],[-79.8,-6.4321],[-79.6519,-6.4554],[-79.6134,-6.4253],[-79.5283,-6.3998],[-79.5433,-6.3583],[-79.482,-6.3063],[-79.4719,-6.2687],[-79.437,-6.24],[-79.4332,-6.2064],[-79.4018,-6.1735],[-79.4282,-6.1481],[-79.4068,-6.0839],[-79.4172,-6.0052],[-79.4032,-5.985],[-79.349,-5.9797],[-79.2643,-6.0025],[-79.224,-6.055],[-79.1858,-6.0279],[-79.1808,-6.0863],[-79.2132,-6.0989],[-79.2339,-6.0931],[-79.2747,-6.1585],[-79.2492,-6.2218],[-79.2847,-6.2545],[-79.3218,-6.2631],[-79.3536,-6.3043],[-79.4227,-6.3104],[-79.4585,-6.3721],[-79.4529,-6.3725],[-79.4229,-6.4519],[-79.4339,-6.4813],[-79.4912,-6.5203],[-79.5629,-6.5038],[-79.6242,-6.5133],[-79.645,-6.5549],[-79.6244,-6.6011],[-79.5908,-6.6277]]]}},{"type":"Feature","id":1403,"properties":{"u":"1403","n":"Lambayeque","d":"Lambayeque","c":[-6.1608,-79.9485]},"geometry":{"type":"Polygon","coordinates":[[[-80.1117,-6.6514],[-80.1773,-6.606],[-80.2886,-6.5431],[-80.5,-6.4334],[-80.6271,-6.3721],[-80.3762,-6.007],[-80.3274,-5.9474],[-80.1989,-5.893],[-80.1309,-5.8887],[-79.9948,-5.7519],[-79.9685,-5.5812],[-79.9459,-5.515],[-79.9031,-5.4914],[-79.854,-5.5318],[-79.8644,-5.5634],[-79.8394,-5.63],[-79.7869,-5.6466],[-79.7593,-5.6963],[-79.7173,-5.7393],[-79.7393,-5.7996],[-79.7373,-5.8377],[-79.6827,-5.8464],[-79.6314,-5.829],[-79.6264,-5.8874],[-79.6013,-5.9395],[-79.4989,-5.9152],[-79.4186,-5.9701],[-79.4172,-6.0052],[-79.4068,-6.0839],[-79.4282,-6.1481],[-79.4018,-6.1735],[-79.4332,-6.2064],[-79.437,-6.24],[-79.4719,-6.2687],[-79.482,-6.3063],[-79.5433,-6.3583],[-79.5283,-6.3998],[-79.6134,-6.4253],[-79.6519,-6.4554],[-79.8,-6.4321],[-79.7932,-6.4766],[-79.8257,-6.5208],[-79.8298,-6.5711],[-79.8424,-6.6014],[-79.8246,-6.6584],[-79.7814,-6.6796],[-79.8295,-6.7217],[-79.8952,-6.731],[-79.9424,-6.8205],[-79.978,-6.7554],[-80.1117,-6.6514]]]}},{"type":"Feature","id":1501,"properties":{"u":"1501","n":"Lima","d":"Lima","c":[-12.0494,-76.8828]},"geometry":{"type":"Polygon","coordinates":[[[-77.0777,-12.0956],[-77.1115,-12.0795],[-77.1046,-12.0634],[-77.0873,-12.0615],[-77.0876,-12.0519],[-77.0815,-12.047],[-77.0829,-12.0364],[-77.0935,-12.0381],[-77.0879,-12.0162],[-77.1287,-11.9372],[-77.0959,-11.9501],[-77.0942,-11.8752],[-77.126,-11.8208],[-77.1471,-11.8193],[-77.1871,-11.8284],[-77.1855,-11.7889],[-77.1682,-11.7391],[-77.1935,-11.6783],[-77.1239,-11.6555],[-77.0518,-11.5761],[-77.0049,-11.6135],[-77.035,-11.6524],[-77.0248,-11.681],[-76.9761,-11.6854],[-76.9803,-11.7244],[-76.9327,-11.7553],[-76.8969,-11.7294],[-76.8049,-11.7559],[-76.8512,-11.7981],[-76.9066,-11.7961],[-76.9423,-11.8609],[-76.9121,-11.8893],[-76.9314,-11.9422],[-76.8937,-11.9562],[-76.7917,-11.9276],[-76.7279,-11.8757],[-76.704,-11.8914],[-76.6688,-11.9235],[-76.6483,-11.9674],[-76.7148,-11.9924],[-76.7223,-11.9996],[-76.6781,-12.053],[-76.7073,-12.114],[-76.6793,-12.131],[-76.662,-12.178],[-76.6456,-12.2117],[-76.6211,-12.2269],[-76.6368,-12.2794],[-76.6784,-12.3335],[-76.668,-12.3602],[-76.6834,-12.3821],[-76.7569,-12.4015],[-76.7517,-12.4627],[-76.7842,-12.5199],[-76.8025,-12.5043],[-76.7801,-12.4171],[-76.7799,-12.3994],[-76.7892,-12.3839],[-76.8431,-12.3117],[-76.9399,-12.2477],[-77.0377,-12.2041],[-77.0263,-12.1573],[-77.0294,-12.1401],[-77.056,-12.111],[-77.0777,-12.0956]]]}},{"type":"Feature","id":1502,"properties":{"u":"1502","n":"Barranca","d":"Lima","c":[-10.6373,-77.7198]},"geometry":{"type":"Polygon","coordinates":[[[-77.5266,-10.7363],[-77.495,-10.7461],[-77.3856,-10.7076],[-77.4025,-10.768],[-77.4582,-10.81],[-77.4622,-10.8701],[-77.4443,-10.9161],[-77.5257,-10.932],[-77.5614,-10.8784],[-77.5995,-10.86],[-77.6604,-10.8668],[-77.7015,-10.8861],[-77.7037,-10.8577],[-77.7509,-10.8187],[-77.7509,-10.7826],[-77.7939,-10.7356],[-77.8165,-10.6937],[-77.8863,-10.6119],[-77.833,-10.5675],[-77.7714,-10.5716],[-77.7724,-10.5125],[-77.7962,-10.4833],[-77.7602,-10.4302],[-77.757,-10.3442],[-77.6988,-10.3221],[-77.6492,-10.3435],[-77.6194,-10.3278],[-77.5994,-10.3833],[-77.6839,-10.4314],[-77.7113,-10.5049],[-77.7446,-10.5323],[-77.7363,-10.5685],[-77.6878,-10.5373],[-77.6443,-10.5274],[-77.6407,-10.5963],[-77.5767,-10.5837],[-77.5741,-10.6627],[-77.5786,-10.7237],[-77.5968,-10.7862],[-77.5266,-10.7363]]]}},{"type":"Feature","id":1503,"properties":{"u":"1503","n":"Cajatambo","d":"Lima","c":[-10.4882,-77.016]},"geometry":{"type":"Polygon","coordinates":[[[-76.8795,-10.6562],[-76.9059,-10.6674],[-76.9528,-10.6975],[-77.0551,-10.6914],[-77.126,-10.647],[-77.1972,-10.6868],[-77.2468,-10.6833],[-77.2943,-10.6604],[-77.3447,-10.608],[-77.2923,-10.5566],[-77.2708,-10.5606],[-77.1888,-10.5422],[-77.176,-10.4831],[-77.111,-10.4033],[-77.0716,-10.3381],[-77.0247,-10.3275],[-77.0077,-10.2865],[-76.9655,-10.3054],[-76.9062,-10.2742],[-76.8945,-10.3043],[-76.8564,-10.3773],[-76.8057,-10.3923],[-76.7999,-10.4191],[-76.8282,-10.429],[-76.8572,-10.4934],[-76.865,-10.5845],[-76.8795,-10.6562]]]}},{"type":"Feature","id":1504,"properties":{"u":"1504","n":"Canta","d":"Lima","c":[-11.5406,-76.7222]},"geometry":{"type":"Polygon","coordinates":[[[-76.6159,-11.6528],[-76.6655,-11.6588],[-76.7497,-11.712],[-76.8049,-11.7559],[-76.8969,-11.7294],[-76.9327,-11.7553],[-76.9803,-11.7244],[-76.9761,-11.6854],[-77.0248,-11.681],[-77.035,-11.6524],[-77.0049,-11.6135],[-76.8591,-11.5083],[-76.8937,-11.4615],[-76.8561,-11.4678],[-76.7683,-11.4204],[-76.6946,-11.4293],[-76.6884,-11.4178],[-76.668,-11.346],[-76.6311,-11.3537],[-76.5982,-11.3266],[-76.5461,-11.3161],[-76.4835,-11.3444],[-76.457,-11.3344],[-76.4227,-11.3549],[-76.4118,-11.4146],[-76.3715,-11.4755],[-76.3768,-11.5015],[-76.4006,-11.5072],[-76.4753,-11.4671],[-76.5027,-11.4662],[-76.545,-11.5222],[-76.5361,-11.5591],[-76.5596,-11.5943],[-76.5745,-11.6324],[-76.6159,-11.6528]]]}},{"type":"Feature","id":1505,"properties":{"u":"1505","n":"Cañete","d":"Lima","c":[-12.7946,-76.4053]},"geometry":{"type":"Polygon","coordinates":[[[-76.5064,-12.9236],[-76.5299,-12.8397],[-76.6357,-12.7433],[-76.6301,-12.7218],[-76.6593,-12.6764],[-76.6724,-12.6278],[-76.7261,-12.5615],[-76.7842,-12.5199],[-76.7517,-12.4627],[-76.7569,-12.4015],[-76.6834,-12.3821],[-76.668,-12.3602],[-76.6167,-12.3728],[-76.5958,-12.3149],[-76.5573,-12.2757],[-76.5377,-12.3394],[-76.5012,-12.4006],[-76.4528,-12.4043],[-76.3858,-12.3175],[-76.346,-12.3377],[-76.3454,-12.388],[-76.3155,-12.4228],[-76.3675,-12.5326],[-76.3183,-12.5348],[-76.2871,-12.5875],[-76.2525,-12.5955],[-76.2959,-12.7253],[-76.2462,-12.7567],[-76.2425,-12.7879],[-76.1994,-12.8135],[-76.1773,-12.8544],[-76.1254,-12.7866],[-76.0972,-12.8013],[-76.0452,-12.782],[-75.9839,-12.7823],[-75.9425,-12.8021],[-75.9594,-12.849],[-76.0085,-12.8539],[-76.0039,-12.9224],[-75.9724,-12.9285],[-75.9614,-13.0014],[-75.9692,-13.0416],[-76.0119,-13.0855],[-76.0834,-13.1381],[-76.1145,-13.1651],[-76.156,-13.1937],[-76.2073,-13.3061],[-76.2448,-13.3235],[-76.4381,-13.0865],[-76.468,-13.0558],[-76.5138,-12.9521],[-76.5064,-12.9236]]]}},{"type":"Feature","id":1506,"properties":{"u":"1506","n":"Huaral","d":"Lima","c":[-11.3498,-76.9128]},"geometry":{"type":"Polygon","coordinates":[[[-77.0518,-11.5761],[-77.1239,-11.6555],[-77.1935,-11.6783],[-77.2482,-11.6143],[-77.3048,-11.5122],[-77.3827,-11.4472],[-77.37,-11.4147],[-77.324,-11.3855],[-77.3223,-11.3174],[-77.3035,-11.2741],[-77.2418,-11.3043],[-77.2254,-11.3415],[-77.1645,-11.3662],[-77.1313,-11.2982],[-77.0714,-11.2684],[-77.0657,-11.2455],[-77.06,-11.1951],[-77.0851,-11.1846],[-77.0755,-11.1034],[-77.052,-11.0958],[-77.0204,-11.1352],[-76.9427,-11.0782],[-76.8785,-11.0828],[-76.829,-11.1034],[-76.7824,-11.0457],[-76.7407,-11.0658],[-76.6578,-11.0344],[-76.5769,-11.0165],[-76.5267,-11.051],[-76.4912,-11.0894],[-76.5184,-11.1161],[-76.4941,-11.2079],[-76.4777,-11.2935],[-76.457,-11.3344],[-76.4835,-11.3444],[-76.5461,-11.3161],[-76.5982,-11.3266],[-76.6311,-11.3537],[-76.668,-11.346],[-76.6884,-11.4178],[-76.6946,-11.4293],[-76.7683,-11.4204],[-76.8561,-11.4678],[-76.8937,-11.4615],[-76.8591,-11.5083],[-77.0049,-11.6135],[-77.0518,-11.5761]]]}},{"type":"Feature","id":1507,"properties":{"u":"1507","n":"Huarochiri","d":"Lima","c":[-11.9333,-76.3591]},"geometry":{"type":"Polygon","coordinates":[[[-76.5012,-12.4006],[-76.5377,-12.3394],[-76.5573,-12.2757],[-76.5958,-12.3149],[-76.6167,-12.3728],[-76.668,-12.3602],[-76.6784,-12.3335],[-76.6368,-12.2794],[-76.6211,-12.2269],[-76.6456,-12.2117],[-76.662,-12.178],[-76.6793,-12.131],[-76.7073,-12.114],[-76.6781,-12.053],[-76.7223,-11.9996],[-76.7148,-11.9924],[-76.6483,-11.9674],[-76.6688,-11.9235],[-76.704,-11.8914],[-76.7279,-11.8757],[-76.7917,-11.9276],[-76.8937,-11.9562],[-76.9314,-11.9422],[-76.9121,-11.8893],[-76.9423,-11.8609],[-76.9066,-11.7961],[-76.8512,-11.7981],[-76.8049,-11.7559],[-76.7497,-11.712],[-76.6655,-11.6588],[-76.6159,-11.6528],[-76.5745,-11.6324],[-76.5596,-11.5943],[-76.5361,-11.5591],[-76.545,-11.5222],[-76.5027,-11.4662],[-76.4753,-11.4671],[-76.4006,-11.5072],[-76.3768,-11.5015],[-76.35,-11.5423],[-76.3279,-11.5443],[-76.2977,-11.5962],[-76.2273,-11.5539],[-76.1807,-11.6144],[-76.2049,-11.6595],[-76.2023,-11.728],[-76.1369,-11.781],[-76.0519,-11.8996],[-76.0571,-11.9248],[-76.0519,-11.939],[-75.9932,-11.9947],[-76.0198,-12.0628],[-76.0614,-12.0885],[-76.0568,-12.1327],[-76.0862,-12.1604],[-76.0669,-12.1907],[-76.1712,-12.2593],[-76.2169,-12.2643],[-76.2484,-12.2989],[-76.2705,-12.3036],[-76.3005,-12.2574],[-76.346,-12.3377],[-76.3858,-12.3175],[-76.4528,-12.4043],[-76.5012,-12.4006]]]}},{"type":"Feature","id":1508,"properties":{"u":"1508","n":"Huaura","d":"Lima","c":[-11.0254,-77.1357]},"geometry":{"type":"Polygon","coordinates":[[[-77.324,-11.3855],[-77.37,-11.4147],[-77.3827,-11.4472],[-77.4981,-11.3772],[-77.6429,-11.3045],[-77.6417,-11.2145],[-77.5923,-11.1821],[-77.6174,-11.1071],[-77.6254,-11.0989],[-77.6323,-11.0611],[-77.6617,-11.0127],[-77.6578,-10.9465],[-77.7015,-10.8861],[-77.6604,-10.8668],[-77.5995,-10.86],[-77.5614,-10.8784],[-77.5257,-10.932],[-77.4443,-10.9161],[-77.4622,-10.8701],[-77.4582,-10.81],[-77.4025,-10.768],[-77.3856,-10.7076],[-77.3953,-10.6615],[-77.3469,-10.6064],[-77.2943,-10.6604],[-77.2468,-10.6833],[-77.1972,-10.6868],[-77.126,-10.647],[-77.0551,-10.6914],[-77.011,-10.696],[-77.0348,-10.7328],[-77.0861,-10.7535],[-77.1403,-10.7561],[-77.1766,-10.7781],[-77.1565,-10.8492],[-77.168,-10.9185],[-77.1942,-10.9575],[-77.1388,-11.0112],[-77.0843,-11.016],[-76.9729,-10.8758],[-76.9548,-10.8617],[-76.8921,-10.8435],[-76.782,-10.9261],[-76.7431,-10.9343],[-76.707,-10.8885],[-76.6542,-10.882],[-76.5882,-10.8451],[-76.5651,-10.9662],[-76.5769,-11.0165],[-76.6578,-11.0344],[-76.7407,-11.0658],[-76.7824,-11.0457],[-76.829,-11.1034],[-76.8785,-11.0828],[-76.9427,-11.0782],[-77.0204,-11.1352],[-77.052,-11.0958],[-77.0755,-11.1034],[-77.0851,-11.1846],[-77.06,-11.1951],[-77.0657,-11.2455],[-77.0714,-11.2684],[-77.1313,-11.2982],[-77.1645,-11.3662],[-77.2254,-11.3415],[-77.2418,-11.3043],[-77.3035,-11.2741],[-77.3223,-11.3174],[-77.324,-11.3855]]]}},{"type":"Feature","id":1509,"properties":{"u":"1509","n":"Oyon","d":"Lima","c":[-10.7142,-76.8387]},"geometry":{"type":"Polygon","coordinates":[[[-77.1388,-11.0112],[-77.1942,-10.9575],[-77.168,-10.9185],[-77.1565,-10.8492],[-77.1766,-10.7781],[-77.1403,-10.7561],[-77.0861,-10.7535],[-77.0348,-10.7328],[-77.011,-10.696],[-76.9528,-10.6975],[-76.9059,-10.6674],[-76.8795,-10.6562],[-76.865,-10.5845],[-76.8572,-10.4934],[-76.8282,-10.429],[-76.7999,-10.4191],[-76.77,-10.4648],[-76.7251,-10.4857],[-76.7018,-10.5935],[-76.6557,-10.6468],[-76.6691,-10.6807],[-76.6475,-10.7309],[-76.6203,-10.8117],[-76.5882,-10.8451],[-76.6542,-10.882],[-76.707,-10.8885],[-76.7431,-10.9343],[-76.782,-10.9261],[-76.8921,-10.8435],[-76.9548,-10.8617],[-76.9729,-10.8758],[-77.0843,-11.016],[-77.1388,-11.0112]]]}},{"type":"Feature","id":1510,"properties":{"u":"1510","n":"Yauyos","d":"Lima","c":[-12.5249,-75.9521]},"geometry":{"type":"Polygon","coordinates":[[[-75.9377,-12.9913],[-75.9614,-13.0014],[-75.9724,-12.9285],[-76.0039,-12.9224],[-76.0085,-12.8539],[-75.9594,-12.849],[-75.9425,-12.8021],[-75.9839,-12.7823],[-76.0452,-12.782],[-76.0972,-12.8013],[-76.1254,-12.7866],[-76.1773,-12.8544],[-76.1994,-12.8135],[-76.2425,-12.7879],[-76.2462,-12.7567],[-76.2959,-12.7253],[-76.2525,-12.5955],[-76.2871,-12.5875],[-76.3183,-12.5348],[-76.3675,-12.5326],[-76.3155,-12.4228],[-76.3454,-12.388],[-76.346,-12.3377],[-76.3005,-12.2574],[-76.2705,-12.3036],[-76.2484,-12.2989],[-76.2169,-12.2643],[-76.1712,-12.2593],[-76.0669,-12.1907],[-76.0862,-12.1604],[-76.0568,-12.1327],[-76.0614,-12.0885],[-76.0198,-12.0628],[-75.9932,-11.9947],[-75.9477,-11.9943],[-75.926,-11.9843],[-75.8241,-12.0157],[-75.7657,-12.0596],[-75.6943,-12.0427],[-75.6275,-12.1417],[-75.6641,-12.1941],[-75.6294,-12.246],[-75.5925,-12.3156],[-75.5641,-12.3363],[-75.5596,-12.4107],[-75.5501,-12.4739],[-75.5362,-12.5173],[-75.5721,-12.5836],[-75.5796,-12.6415],[-75.5611,-12.6776],[-75.5771,-12.7157],[-75.5139,-12.7887],[-75.5311,-12.8222],[-75.6129,-12.8595],[-75.6131,-12.867],[-75.6361,-12.9162],[-75.6144,-12.9649],[-75.6632,-12.994],[-75.6704,-13.0226],[-75.7255,-13.0381],[-75.7646,-13.0182],[-75.8021,-13.0604],[-75.8216,-13.0332],[-75.8788,-13.016],[-75.9377,-12.9913]]]}},{"type":"Feature","id":1601,"properties":{"u":"1601","n":"Maynas","d":"Loreto","c":[-2.3717,-73.9616]},"geometry":{"type":"Polygon","coordinates":[[[-73.4682,-4.2849],[-73.4881,-4.3236],[-73.5492,-4.3413],[-73.5927,-4.3818],[-73.6919,-4.4398],[-73.7471,-4.4491],[-73.8336,-4.4386],[-73.8835,-4.3884],[-73.937,-4.3719],[-73.9453,-4.3245],[-74.0587,-4.2476],[-74.1017,-4.177],[-74.1354,-4.0619],[-74.1479,-3.9893],[-74.1922,-3.8825],[-74.2191,-3.854],[-74.2706,-3.8367],[-74.3674,-3.7187],[-74.5014,-3.6989],[-74.5545,-3.6333],[-74.6792,-3.5094],[-74.6795,-3.4658],[-74.7126,-3.4361],[-74.7539,-3.3345],[-74.8188,-3.2969],[-74.8134,-3.2432],[-74.8929,-3.2099],[-74.9916,-3.19],[-75.0178,-3.129],[-75.0143,-3.0749],[-75.0546,-2.9402],[-75.0103,-2.7664],[-75.0099,-2.6847],[-74.9737,-2.6607],[-74.9575,-2.6115],[-74.9636,-2.5683],[-74.9912,-2.516],[-74.9568,-2.5043],[-74.9496,-2.4588],[-74.9651,-2.3657],[-75.0172,-2.3518],[-75.0832,-2.2935],[-75.1409,-2.2789],[-75.1661,-2.1917],[-75.2462,-2.1338],[-75.2433,-2.1031],[-75.2881,-2.0087],[-75.3376,-2.0032],[-75.4449,-2.0341],[-75.4725,-2.0039],[-75.5363,-1.9965],[-75.5748,-1.9635],[-75.6056,-1.9697],[-75.6463,-1.9481],[-75.7459,-1.9309],[-75.7771,-1.8565],[-75.7784,-1.794],[-75.5809,-1.5464],[-75.5584,-1.5607],[-75.3867,-0.9297],[-75.322,-0.9748],[-75.2162,-0.9708],[-75.2274,-0.9441],[-75.2212,-0.8658],[-75.2485,-0.831],[-75.2402,-0.7981],[-75.2725,-0.7354],[-75.2509,-0.7004],[-75.2714,-0.6636],[-75.2359,-0.6473],[-75.2276,-0.5514],[-75.2777,-0.4984],[-75.3128,-0.4942],[-75.3875,-0.4343],[-75.4627,-0.3184],[-75.4822,-0.237],[-75.5308,-0.1809],[-75.6106,-0.1924],[-75.6105,-0.1134],[-75.5636,-0.1312],[-75.5056,-0.1179],[-75.4607,-0.1517],[-75.4051,-0.1703],[-75.3062,-0.1554],[-75.2598,-0.1279],[-75.1836,-0.0386],[-75.1414,-0.0663],[-75.0774,-0.0842],[-75.0169,-0.1457],[-74.9728,-0.1535],[-74.9321,-0.2178],[-74.8802,-0.2403],[-74.8481,-0.2336],[-74.8139,-0.1922],[-74.7627,-0.2248],[-74.7304,-0.2929],[-74.7311,-0.3392],[-74.6686,-0.3738],[-74.6167,-0.3731],[-74.5747,-0.395],[-74.5295,-0.4651],[-74.4213,-0.5045],[-74.4269,-0.5411],[-74.3882,-0.5557],[-74.3664,-0.6104],[-74.3728,-0.6529],[-74.3405,-0.698],[-74.372,-0.714],[-74.3477,-0.757],[-74.3204,-0.7542],[-74.2682,-0.847],[-74.3081,-0.8661],[-74.2783,-0.8999],[-74.2672,-0.9824],[-74.2234,-1.0074],[-74.1684,-1.0063],[-74.0943,-1.048],[-74.0462,-1.0448],[-74.0151,-1.0865],[-73.9478,-1.1321],[-73.9137,-1.12],[-73.8571,-1.2318],[-73.754,-1.2384],[-73.7182,-1.2511],[-73.6809,-1.238],[-73.6199,-1.2613],[-73.613,-1.3155],[-73.5765,-1.3181],[-73.5792,-1.3596],[-73.5316,-1.435],[-73.5308,-1.4579],[-73.4786,-1.5221],[-73.5012,-1.6192],[-73.537,-1.6884],[-73.4999,-1.7312],[-73.4593,-1.7364],[-73.4257,-1.7903],[-73.3833,-1.7747],[-73.3037,-1.8181],[-73.3068,-1.7834],[-73.2038,-1.7639],[-73.1843,-1.8085],[-73.1464,-1.804],[-73.1521,-1.8576],[-73.1128,-1.8728],[-73.1187,-2.0157],[-73.0944,-2.0422],[-73.132,-2.1836],[-73.165,-2.1866],[-73.1688,-2.2246],[-73.119,-2.2845],[-73.1211,-2.3254],[-73.0683,-2.3151],[-73.0664,-2.3552],[-72.9634,-2.3432],[-72.956,-2.3916],[-72.8891,-2.4333],[-72.8518,-2.4358],[-72.7691,-2.3868],[-72.7532,-2.4237],[-72.7152,-2.3856],[-72.6921,-2.4063],[-72.5955,-2.3666],[-72.5192,-2.4252],[-72.4665,-2.4212],[-72.3794,-2.455],[-72.3681,-2.4895],[-72.2909,-2.4691],[-72.2582,-2.4322],[-72.2057,-2.446],[-72.1478,-2.4156],[-72.0487,-2.3349],[-72.0101,-2.369],[-71.962,-2.3571],[-71.9261,-2.3078],[-71.8848,-2.3116],[-71.8328,-2.1904],[-71.7991,-2.2044],[-71.7406,-2.1422],[-71.7189,-2.1599],[-71.7312,-2.2015],[-71.7085,-2.2273],[-71.664,-2.2023],[-71.6041,-2.2314],[-71.4634,-2.2711],[-71.3964,-2.3471],[-71.3711,-2.3894],[-71.3167,-2.3744],[-71.3024,-2.3436],[-71.2311,-2.3376],[-71.1882,-2.3796],[-71.1668,-2.3378],[-71.1303,-2.3375],[-71.1336,-2.2851],[-71.0533,-2.2706],[-71.0002,-2.2079],[-70.9287,-2.2542],[-70.8794,-2.2209],[-70.8519,-2.2441],[-70.836,-2.2908],[-70.7778,-2.293],[-70.7512,-2.3283],[-70.6659,-2.3538],[-70.6784,-2.4021],[-70.6271,-2.3975],[-70.6383,-2.4658],[-70.5993,-2.4844],[-70.4751,-2.4551],[-70.4372,-2.5212],[-70.4125,-2.5257],[-70.3579,-2.4893],[-70.2952,-2.5126],[-70.3545,-2.5453],[-70.3346,-2.5779],[-70.2738,-2.5473],[-70.2301,-2.5746],[-70.2193,-2.6436],[-70.1542,-2.6569],[-70.1621,-2.6878],[-70.1184,-2.6986],[-70.1033,-2.6574],[-70.066,-2.6841],[-70.0601,-2.7589],[-70.14,-2.8908],[-70.5026,-3.4632],[-70.5286,-3.4078],[-70.5944,-3.4249],[-70.6544,-3.4067],[-70.7146,-3.364],[-70.7621,-3.3802],[-70.8427,-3.3481],[-70.9313,-3.3474],[-70.9759,-3.2808],[-71.0507,-3.2566],[-71.0644,-3.215],[-71.1471,-3.2107],[-71.207,-3.2189],[-71.3107,-3.1816],[-71.4029,-3.1721],[-71.4887,-3.1085],[-71.4904,-3.0154],[-71.5526,-2.9688],[-71.5958,-2.9518],[-71.6494,-3.012],[-71.6856,-3.0119],[-71.7452,-2.9791],[-71.7549,-2.9413],[-71.7968,-2.9073],[-71.9383,-2.9033],[-71.983,-2.8763],[-72.0327,-2.8161],[-72.1177,-2.8315],[-72.1677,-2.8005],[-72.193,-2.8154],[-72.2768,-2.7869],[-72.3773,-2.85],[-72.4487,-2.8453],[-72.5175,-2.8911],[-72.5708,-2.8909],[-72.5734,-2.9479],[-72.5464,-3.0714],[-72.4791,-3.0987],[-72.4304,-3.1743],[-72.4038,-3.2351],[-72.3614,-3.25],[-72.3378,-3.2824],[-72.2934,-3.2929],[-72.274,-3.3328],[-72.1985,-3.4043],[-72.198,-3.441],[-72.1184,-3.4977],[-72.148,-3.5285],[-72.1743,-3.6043],[-72.3026,-3.6861],[-72.2799,-3.7394],[-72.2829,-3.8348],[-72.2554,-3.9448],[-72.306,-3.9943],[-72.3482,-4.006],[-72.3833,-4.0428],[-72.4244,-4.1161],[-72.4367,-4.1615],[-72.3878,-4.2085],[-72.4818,-4.2933],[-72.6286,-4.3037],[-72.6029,-4.3552],[-72.6351,-4.3991],[-72.7566,-4.3827],[-72.7834,-4.4885],[-72.8114,-4.4985],[-72.9347,-4.4671],[-73.0068,-4.5079],[-73.035,-4.5541],[-73.0352,-4.6325],[-73.0633,-4.6697],[-73.1294,-4.6955],[-73.1556,-4.7097],[-73.2697,-4.6388],[-73.3226,-4.5843],[-73.3953,-4.4793],[-73.4352,-4.4464],[-73.4206,-4.4242],[-73.4428,-4.3063],[-73.3806,-4.26],[-73.4003,-4.2385],[-73.4682,-4.2849]]]}},{"type":"Feature","id":1602,"properties":{"u":"1602","n":"Alto Amazonas","d":"Loreto","c":[-4.9354,-75.7425]},"geometry":{"type":"Polygon","coordinates":[[[-75.629,-6.0821],[-75.6804,-6.0956],[-75.7266,-6.144],[-75.8148,-6.1009],[-75.8345,-6.1391],[-75.9159,-6.1412],[-75.9654,-6.0952],[-76.0305,-6.0985],[-76.0885,-6.155],[-76.1272,-6.1767],[-76.2236,-6.166],[-76.2732,-6.1044],[-76.3183,-6.0861],[-76.3728,-5.9738],[-76.4123,-5.9507],[-76.5477,-6.0219],[-76.6752,-6.0123],[-76.7544,-5.9984],[-76.7467,-5.954],[-76.7777,-5.9006],[-76.8181,-5.8621],[-76.8355,-5.7456],[-76.8945,-5.7462],[-76.8695,-5.7036],[-76.8295,-5.6958],[-76.8144,-5.6567],[-76.8445,-5.609],[-76.8125,-5.591],[-76.8508,-5.5321],[-76.8322,-5.4985],[-76.7751,-5.4492],[-76.7351,-5.45],[-76.7169,-5.4813],[-76.6836,-5.4753],[-76.6291,-5.4306],[-76.6254,-5.3674],[-76.5875,-5.3143],[-76.566,-5.2331],[-76.5223,-5.2401],[-76.4831,-5.1241],[-76.4696,-5.0057],[-76.454,-4.9866],[-76.4141,-5.0173],[-76.3593,-5.0316],[-76.2245,-5.0185],[-76.1694,-5.0217],[-76.0717,-5.0834],[-76.0012,-5.1003],[-75.9192,-5.0845],[-75.9197,-5.0225],[-75.8891,-5.0483],[-75.7894,-5.0181],[-75.7448,-5.0378],[-75.76,-4.9983],[-75.8295,-4.9766],[-76.0071,-4.852],[-76.0345,-4.8163],[-76.0709,-4.8337],[-76.1078,-4.7892],[-76.1408,-4.7975],[-76.1719,-4.7688],[-76.1624,-4.7047],[-76.2044,-4.6743],[-76.197,-4.6243],[-76.2632,-4.5289],[-76.3225,-4.4708],[-76.3379,-4.4187],[-76.309,-4.3933],[-76.32,-4.3584],[-76.2272,-4.2453],[-76.2365,-4.1871],[-76.3305,-4.1145],[-76.3495,-4.0441],[-76.3907,-4.0023],[-76.415,-3.957],[-76.414,-3.8644],[-76.376,-3.8013],[-76.3325,-3.7624],[-76.3278,-3.6994],[-76.2897,-3.6912],[-76.2453,-3.7511],[-76.2473,-3.7856],[-76.2064,-3.8446],[-76.2032,-3.9246],[-76.1726,-3.9554],[-76.165,-4.034],[-76.1498,-4.0632],[-76.0581,-4.1567],[-76.0231,-4.2187],[-75.9763,-4.3317],[-75.9559,-4.4251],[-75.9011,-4.4576],[-75.8626,-4.5202],[-75.8905,-4.5568],[-75.8816,-4.6178],[-75.8514,-4.6589],[-75.7431,-4.7349],[-75.7376,-4.8259],[-75.7223,-4.8717],[-75.6645,-4.9332],[-75.5286,-4.9375],[-75.4166,-4.9872],[-75.4386,-5.0265],[-75.51,-5.1123],[-75.5995,-5.167],[-75.618,-5.2027],[-75.5602,-5.2671],[-75.5697,-5.3008],[-75.6333,-5.4101],[-75.6168,-5.4623],[-75.6401,-5.4968],[-75.5723,-5.5723],[-75.4973,-5.5882],[-75.4548,-5.5737],[-75.5126,-5.6779],[-75.5145,-5.7393],[-75.5341,-5.9023],[-75.567,-5.9584],[-75.5689,-6.0004],[-75.6139,-6.0232],[-75.629,-6.0821]]]}},{"type":"Feature","id":1603,"properties":{"u":"1603","n":"Loreto","d":"Loreto","c":[-3.7683,-75.2865]},"geometry":{"type":"Polygon","coordinates":[[[-74.1312,-5.015],[-74.1704,-5.0327],[-74.1772,-5.0833],[-74.2455,-5.1362],[-74.2809,-5.1332],[-74.3506,-5.1535],[-74.4183,-5.2069],[-74.4572,-5.2159],[-74.5729,-5.2643],[-74.6152,-5.3043],[-74.638,-5.354],[-74.829,-5.4537],[-74.9021,-5.4703],[-74.9601,-5.5199],[-75.0195,-5.4969],[-75.066,-5.4994],[-75.1816,-5.6232],[-75.2081,-5.6171],[-75.3049,-5.6862],[-75.389,-5.6913],[-75.4371,-5.7254],[-75.5145,-5.7393],[-75.5126,-5.6779],[-75.4548,-5.5737],[-75.4973,-5.5882],[-75.5723,-5.5723],[-75.6401,-5.4968],[-75.6168,-5.4623],[-75.6333,-5.4101],[-75.5697,-5.3008],[-75.5602,-5.2671],[-75.618,-5.2027],[-75.5995,-5.167],[-75.51,-5.1123],[-75.4386,-5.0265],[-75.4166,-4.9872],[-75.5286,-4.9375],[-75.6645,-4.9332],[-75.7223,-4.8717],[-75.7376,-4.8259],[-75.7431,-4.7349],[-75.8514,-4.6589],[-75.8816,-4.6178],[-75.8905,-4.5568],[-75.8626,-4.5202],[-75.9011,-4.4576],[-75.9559,-4.4251],[-75.9763,-4.3317],[-76.0231,-4.2187],[-76.0581,-4.1567],[-76.1498,-4.0632],[-76.165,-4.034],[-76.1726,-3.9554],[-76.2032,-3.9246],[-76.2064,-3.8446],[-76.2473,-3.7856],[-76.2453,-3.7511],[-76.2897,-3.6912],[-76.2849,-3.6662],[-76.2341,-3.6348],[-76.2594,-3.5756],[-76.2062,-3.5281],[-76.2615,-3.4752],[-76.27,-3.3611],[-76.3147,-3.285],[-76.3673,-3.2178],[-76.3521,-3.1624],[-76.3893,-3.1277],[-76.3535,-3.0904],[-76.3528,-3.029],[-76.3379,-2.9886],[-76.3512,-2.9464],[-76.3169,-2.8976],[-76.3073,-2.8349],[-76.3442,-2.8001],[-76.3613,-2.7459],[-76.3948,-2.7267],[-76.408,-2.6878],[-76.4706,-2.6043],[-76.4993,-2.5926],[-76.5024,-2.5365],[-76.5343,-2.5123],[-76.045,-2.128],[-75.7784,-1.794],[-75.7771,-1.8565],[-75.7459,-1.9309],[-75.6463,-1.9481],[-75.6056,-1.9697],[-75.5748,-1.9635],[-75.5363,-1.9965],[-75.4725,-2.0039],[-75.4449,-2.0341],[-75.3376,-2.0032],[-75.2881,-2.0087],[-75.2433,-2.1031],[-75.2462,-2.1338],[-75.1661,-2.1917],[-75.1409,-2.2789],[-75.0832,-2.2935],[-75.0172,-2.3518],[-74.9651,-2.3657],[-74.9496,-2.4588],[-74.9568,-2.5043],[-74.9912,-2.516],[-74.9636,-2.5683],[-74.9575,-2.6115],[-74.9737,-2.6607],[-75.0099,-2.6847],[-75.0103,-2.7664],[-75.0546,-2.9402],[-75.0143,-3.0749],[-75.0178,-3.129],[-74.9916,-3.19],[-74.8929,-3.2099],[-74.8134,-3.2432],[-74.8188,-3.2969],[-74.7539,-3.3345],[-74.7126,-3.4361],[-74.6795,-3.4658],[-74.6792,-3.5094],[-74.5545,-3.6333],[-74.5014,-3.6989],[-74.3674,-3.7187],[-74.2706,-3.8367],[-74.2191,-3.854],[-74.1922,-3.8825],[-74.1479,-3.9893],[-74.1354,-4.0619],[-74.1017,-4.177],[-74.0587,-4.2476],[-73.9453,-4.3245],[-73.937,-4.3719],[-73.8835,-4.3884],[-73.8336,-4.4386],[-73.7471,-4.4491],[-73.6919,-4.4398],[-73.5927,-4.3818],[-73.5492,-4.3413],[-73.4881,-4.3236],[-73.4682,-4.2849],[-73.4003,-4.2385],[-73.3806,-4.26],[-73.4428,-4.3063],[-73.4206,-4.4242],[-73.4352,-4.4464],[-73.4584,-4.4645],[-73.4648,-4.5152],[-73.5294,-4.5843],[-73.582,-4.6187],[-73.6442,-4.7142],[-73.713,-4.7372],[-73.7694,-4.8016],[-73.8438,-4.8714],[-73.8744,-4.8828],[-73.9018,-4.9287],[-73.9005,-4.9713],[-73.9332,-5.0108],[-73.9544,-4.9812],[-74.0469,-4.9481],[-74.0894,-4.9692],[-74.1312,-5.015]]]}},{"type":"Feature","id":1604,"properties":{"u":"1604","n":"Mariscal Ramon Castilla","d":"Loreto","c":[-3.9572,-71.2237]},"geometry":{"type":"Polygon","coordinates":[[[-69.9557,-4.2076],[-69.9496,-4.2794],[-69.9744,-4.3328],[-70.0186,-4.3533],[-70.0709,-4.3223],[-70.0794,-4.2854],[-70.1581,-4.2772],[-70.1538,-4.319],[-70.1808,-4.3554],[-70.2458,-4.2846],[-70.3091,-4.2492],[-70.2785,-4.2289],[-70.2939,-4.1593],[-70.3798,-4.1339],[-70.4328,-4.1313],[-70.4663,-4.1758],[-70.526,-4.1361],[-70.5587,-4.1708],[-70.6162,-4.1935],[-70.6446,-4.1269],[-70.6943,-4.1867],[-70.747,-4.1612],[-70.8166,-4.1971],[-70.8286,-4.2482],[-70.8646,-4.2562],[-70.8764,-4.3216],[-70.9483,-4.376],[-71.0742,-4.3941],[-71.1058,-4.3763],[-71.1855,-4.3979],[-71.213,-4.3766],[-71.2675,-4.4072],[-71.2619,-4.4278],[-71.341,-4.4394],[-71.3877,-4.4256],[-71.4188,-4.4647],[-71.4792,-4.4349],[-71.5359,-4.4626],[-71.5696,-4.5082],[-71.6159,-4.5281],[-71.6479,-4.5027],[-71.7068,-4.5099],[-71.7397,-4.4816],[-71.865,-4.5265],[-71.9185,-4.5293],[-71.9186,-4.5619],[-71.9822,-4.6274],[-72.0374,-4.6367],[-72.0803,-4.6687],[-72.103,-4.7066],[-72.1859,-4.7428],[-72.2692,-4.7972],[-72.3116,-4.7744],[-72.3259,-4.8016],[-72.3786,-4.8348],[-72.4149,-4.9003],[-72.4525,-4.901],[-72.4857,-4.9352],[-72.5205,-4.9328],[-72.6054,-4.9992],[-72.6065,-5.0282],[-72.6546,-5.0628],[-72.7287,-5.0548],[-72.7611,-5.0931],[-72.8198,-5.1328],[-72.855,-5.1387],[-72.9128,-5.1199],[-72.9777,-5.0632],[-73.0539,-5.0372],[-73.0981,-5.0008],[-73.1699,-4.998],[-73.2362,-4.9706],[-73.1643,-4.8801],[-73.1022,-4.7898],[-73.1294,-4.6955],[-73.0633,-4.6697],[-73.0352,-4.6325],[-73.035,-4.5541],[-73.0068,-4.5079],[-72.9347,-4.4671],[-72.8114,-4.4985],[-72.7834,-4.4885],[-72.7566,-4.3827],[-72.6351,-4.3991],[-72.6029,-4.3552],[-72.6286,-4.3037],[-72.4818,-4.2933],[-72.3878,-4.2085],[-72.4367,-4.1615],[-72.4244,-4.1161],[-72.3833,-4.0428],[-72.3482,-4.006],[-72.306,-3.9943],[-72.2554,-3.9448],[-72.2829,-3.8348],[-72.2799,-3.7394],[-72.3026,-3.6861],[-72.1743,-3.6043],[-72.148,-3.5285],[-72.1184,-3.4977],[-72.198,-3.441],[-72.1985,-3.4043],[-72.274,-3.3328],[-72.2934,-3.2929],[-72.3378,-3.2824],[-72.3614,-3.25],[-72.4038,-3.2351],[-72.4304,-3.1743],[-72.4791,-3.0987],[-72.5464,-3.0714],[-72.5734,-2.9479],[-72.5708,-2.8909],[-72.5175,-2.8911],[-72.4487,-2.8453],[-72.3773,-2.85],[-72.2768,-2.7869],[-72.193,-2.8154],[-72.1677,-2.8005],[-72.1177,-2.8315],[-72.0327,-2.8161],[-71.983,-2.8763],[-71.9383,-2.9033],[-71.7968,-2.9073],[-71.7549,-2.9413],[-71.7452,-2.9791],[-71.6856,-3.0119],[-71.6494,-3.012],[-71.5958,-2.9518],[-71.5526,-2.9688],[-71.4904,-3.0154],[-71.4887,-3.1085],[-71.4029,-3.1721],[-71.3107,-3.1816],[-71.207,-3.2189],[-71.1471,-3.2107],[-71.0644,-3.215],[-71.0507,-3.2566],[-70.9759,-3.2808],[-70.9313,-3.3474],[-70.8427,-3.3481],[-70.7621,-3.3802],[-70.7146,-3.364],[-70.6544,-3.4067],[-70.5944,-3.4249],[-70.5286,-3.4078],[-70.5026,-3.4632],[-70.7111,-3.7903],[-70.619,-3.8401],[-70.5737,-3.8303],[-70.5409,-3.863],[-70.4964,-3.8758],[-70.3942,-3.83],[-70.3463,-3.7998],[-70.2763,-3.8376],[-70.2461,-3.8904],[-70.198,-3.9096],[-70.1745,-3.9696],[-70.105,-4.0575],[-70.0567,-4.0951],[-70.0341,-4.1344],[-69.9557,-4.2076]]]}},{"type":"Feature","id":1605,"properties":{"u":"1605","n":"Requena","d":"Loreto","c":[-5.9804,-73.939]},"geometry":{"type":"Polygon","coordinates":[[[-73.7566,-7.1733],[-73.7521,-7.2064],[-73.7166,-7.2276],[-73.7154,-7.2749],[-73.6949,-7.2991],[-73.7226,-7.3412],[-73.8187,-7.3382],[-73.854,-7.355],[-73.8616,-7.3881],[-73.9237,-7.3622],[-73.9408,-7.3939],[-73.9113,-7.4758],[-73.9428,-7.5337],[-73.983,-7.5344],[-74.0338,-7.4849],[-74.04,-7.4482],[-74.1384,-7.3964],[-74.1809,-7.3587],[-74.259,-7.3441],[-74.3162,-7.3513],[-74.4627,-7.2989],[-74.5001,-7.262],[-74.5504,-7.1661],[-74.6185,-7.174],[-74.6419,-7.187],[-74.6474,-7.2421],[-74.6251,-7.2705],[-74.6449,-7.3009],[-74.7199,-7.3218],[-74.8345,-7.2933],[-74.8813,-7.2342],[-74.8524,-7.1581],[-74.8752,-7.1251],[-74.8366,-7.0717],[-74.7992,-6.9768],[-74.851,-6.9145],[-74.8954,-6.8332],[-74.9014,-6.7327],[-74.956,-6.6855],[-74.9755,-6.5549],[-74.9712,-6.5164],[-74.9058,-6.4263],[-74.8886,-6.3194],[-74.8651,-6.2729],[-74.8674,-6.2224],[-74.7899,-6.1553],[-74.7757,-6.1051],[-74.7244,-6.0746],[-74.6983,-6.0276],[-74.689,-5.9604],[-74.7613,-5.9261],[-74.8082,-5.9294],[-74.8867,-5.866],[-74.9617,-5.9015],[-75.0411,-6.0045],[-75.1469,-6.0393],[-75.1898,-6.0738],[-75.3288,-6.0993],[-75.3967,-6.0823],[-75.5294,-6.1222],[-75.5689,-6.0004],[-75.567,-5.9584],[-75.5341,-5.9023],[-75.5145,-5.7393],[-75.4371,-5.7254],[-75.389,-5.6913],[-75.3049,-5.6862],[-75.2081,-5.6171],[-75.1816,-5.6232],[-75.066,-5.4994],[-75.0195,-5.4969],[-74.9601,-5.5199],[-74.9021,-5.4703],[-74.829,-5.4537],[-74.638,-5.354],[-74.6152,-5.3043],[-74.5729,-5.2643],[-74.4572,-5.2159],[-74.4183,-5.2069],[-74.3506,-5.1535],[-74.2809,-5.1332],[-74.2455,-5.1362],[-74.1772,-5.0833],[-74.1704,-5.0327],[-74.1312,-5.015],[-74.0894,-4.9692],[-74.0469,-4.9481],[-73.9544,-4.9812],[-73.9332,-5.0108],[-73.9005,-4.9713],[-73.9018,-4.9287],[-73.8744,-4.8828],[-73.8438,-4.8714],[-73.7694,-4.8016],[-73.713,-4.7372],[-73.6442,-4.7142],[-73.582,-4.6187],[-73.5294,-4.5843],[-73.4648,-4.5152],[-73.4584,-4.4645],[-73.4352,-4.4464],[-73.3953,-4.4793],[-73.3226,-4.5843],[-73.2697,-4.6388],[-73.1556,-4.7097],[-73.1294,-4.6955],[-73.1022,-4.7898],[-73.1643,-4.8801],[-73.2362,-4.9706],[-73.1699,-4.998],[-73.0981,-5.0008],[-73.0539,-5.0372],[-72.9777,-5.0632],[-72.9128,-5.1199],[-72.855,-5.1387],[-72.8879,-5.1658],[-72.864,-5.2346],[-72.8672,-5.2901],[-72.8957,-5.325],[-72.9247,-5.4081],[-72.9579,-5.4644],[-72.9496,-5.5475],[-72.9737,-5.6134],[-72.959,-5.6564],[-73.0071,-5.7326],[-73.04,-5.7527],[-73.0573,-5.7965],[-73.1521,-5.868],[-73.1855,-5.9501],[-73.1867,-6.0041],[-73.2223,-6.0221],[-73.2499,-6.1331],[-73.2209,-6.1769],[-73.1863,-6.2623],[-73.1607,-6.2767],[-73.1566,-6.3268],[-73.1298,-6.3885],[-73.1058,-6.4044],[-73.1117,-6.4469],[-73.1489,-6.5138],[-73.1994,-6.5694],[-73.3293,-6.5978],[-73.3524,-6.5933],[-73.392,-6.6416],[-73.4833,-6.6732],[-73.5208,-6.6761],[-73.5617,-6.7215],[-73.6033,-6.732],[-73.7105,-6.8402],[-73.724,-6.8873],[-73.7613,-6.9401],[-73.7619,-7.0625],[-73.7984,-7.1131],[-73.7566,-7.1733]]]}},{"type":"Feature","id":1606,"properties":{"u":"1606","n":"Ucayali","d":"Loreto","c":[-7.2819,-75.5129]},"geometry":{"type":"Polygon","coordinates":[[[-74.7199,-7.3218],[-74.6449,-7.3009],[-74.6251,-7.2705],[-74.6474,-7.2421],[-74.6419,-7.187],[-74.6185,-7.174],[-74.5504,-7.1661],[-74.5001,-7.262],[-74.5357,-7.2944],[-74.5795,-7.4099],[-74.6161,-7.435],[-74.6429,-7.5001],[-74.6431,-7.5623],[-74.5708,-7.6685],[-74.584,-7.6985],[-74.5579,-7.7485],[-74.5157,-7.7772],[-74.5697,-7.816],[-74.628,-7.9398],[-74.6911,-7.9618],[-74.7279,-7.981],[-74.7713,-8.0361],[-74.8964,-8.0813],[-74.9823,-7.969],[-75.0333,-7.9501],[-75.0922,-7.9737],[-75.1425,-7.9786],[-75.1843,-8.0166],[-75.2146,-8.1271],[-75.2439,-8.1555],[-75.2878,-8.1255],[-75.3761,-8.1388],[-75.4153,-8.1705],[-75.453,-8.2104],[-75.5029,-8.2894],[-75.5041,-8.3488],[-75.4803,-8.3782],[-75.4353,-8.3931],[-75.4408,-8.4368],[-75.5466,-8.4665],[-75.5991,-8.412],[-75.6873,-8.4233],[-75.7165,-8.4873],[-75.7787,-8.4939],[-75.7796,-8.5474],[-75.8334,-8.6523],[-75.8919,-8.6616],[-75.9458,-8.7161],[-75.9798,-8.636],[-75.9663,-8.592],[-75.9649,-8.4517],[-75.946,-8.4009],[-75.985,-8.3222],[-75.9349,-8.3116],[-75.9134,-8.2544],[-75.9412,-8.1862],[-75.934,-8.1344],[-75.9496,-8.0992],[-75.917,-8.0718],[-75.8449,-8.0596],[-75.8295,-7.9735],[-75.8594,-7.9212],[-75.967,-7.9604],[-76.0099,-7.8543],[-76.0438,-7.7923],[-76.0849,-7.7618],[-76.1016,-7.7227],[-76.0977,-7.6422],[-76.0799,-7.5912],[-76.0914,-7.5604],[-76.1661,-7.4943],[-76.2147,-7.3991],[-76.196,-7.3335],[-76.2131,-7.3101],[-76.1667,-7.2676],[-76.1435,-7.204],[-76.0599,-7.1613],[-76.0466,-7.1214],[-76.0107,-7.0784],[-76.0108,-6.9965],[-76.0356,-6.9931],[-76.0502,-6.9322],[-76.0105,-6.8936],[-76.0509,-6.8109],[-75.9637,-6.7884],[-75.8789,-6.8019],[-75.8439,-6.7973],[-75.7942,-6.8214],[-75.7684,-6.8538],[-75.6977,-6.8686],[-75.6681,-6.8264],[-75.6334,-6.8431],[-75.5118,-6.7856],[-75.5012,-6.767],[-75.5002,-6.6403],[-75.5093,-6.583],[-75.5089,-6.5253],[-75.5501,-6.3477],[-75.4903,-6.267],[-75.4872,-6.2034],[-75.5256,-6.1651],[-75.5294,-6.1222],[-75.3967,-6.0823],[-75.3288,-6.0993],[-75.1898,-6.0738],[-75.1469,-6.0393],[-75.0411,-6.0045],[-74.9617,-5.9015],[-74.8867,-5.866],[-74.8082,-5.9294],[-74.7613,-5.9261],[-74.689,-5.9604],[-74.6983,-6.0276],[-74.7244,-6.0746],[-74.7757,-6.1051],[-74.7899,-6.1553],[-74.8674,-6.2224],[-74.8651,-6.2729],[-74.8886,-6.3194],[-74.9058,-6.4263],[-74.9712,-6.5164],[-74.9755,-6.5549],[-74.956,-6.6855],[-74.9014,-6.7327],[-74.8954,-6.8332],[-74.851,-6.9145],[-74.7992,-6.9768],[-74.8366,-7.0717],[-74.8752,-7.1251],[-74.8524,-7.1581],[-74.8813,-7.2342],[-74.8345,-7.2933],[-74.7199,-7.3218]]]}},{"type":"Feature","id":1607,"properties":{"u":"1607","n":"Datem del Marañon","d":"Loreto","c":[-4.1508,-76.9229]},"geometry":{"type":"Polygon","coordinates":[[[-76.4831,-5.1241],[-76.5223,-5.2401],[-76.566,-5.2331],[-76.5875,-5.3143],[-76.6254,-5.3674],[-76.6291,-5.4306],[-76.6836,-5.4753],[-76.7169,-5.4813],[-76.7351,-5.45],[-76.7751,-5.4492],[-76.8322,-5.4985],[-76.8508,-5.5321],[-76.8125,-5.591],[-76.8445,-5.609],[-76.8144,-5.6567],[-76.8295,-5.6958],[-76.8695,-5.7036],[-76.8945,-5.7462],[-76.9614,-5.7061],[-76.9956,-5.6671],[-77.0601,-5.6674],[-77.138,-5.6319],[-77.2008,-5.6266],[-77.2319,-5.5955],[-77.3383,-5.6035],[-77.3701,-5.5696],[-77.4087,-5.5892],[-77.4619,-5.5841],[-77.5174,-5.4667],[-77.5581,-5.4256],[-77.5817,-5.4612],[-77.6704,-5.4096],[-77.696,-5.4111],[-77.7028,-5.3807],[-77.6821,-5.3384],[-77.6931,-5.2677],[-77.7396,-5.2126],[-77.7082,-5.1909],[-77.7083,-5.1508],[-77.7453,-5.133],[-77.7743,-5.0972],[-77.8223,-5.0818],[-77.8246,-5.0318],[-77.7593,-4.9518],[-77.7602,-4.9093],[-77.7936,-4.85],[-77.7946,-4.763],[-77.7719,-4.7176],[-77.6945,-4.6587],[-77.6719,-4.6295],[-77.6406,-4.4965],[-77.591,-4.4827],[-77.581,-4.4595],[-77.5654,-4.3725],[-77.5856,-4.2513],[-77.5711,-4.1952],[-77.5381,-4.0287],[-77.5418,-3.9433],[-77.5694,-3.8727],[-77.6518,-3.779],[-77.6156,-3.7077],[-77.6169,-3.6343],[-77.643,-3.6193],[-77.6704,-3.5684],[-77.7605,-3.4598],[-77.7765,-3.4091],[-77.7785,-3.1872],[-77.8086,-2.9861],[-76.6319,-2.5897],[-76.5343,-2.5123],[-76.5024,-2.5365],[-76.4993,-2.5926],[-76.4706,-2.6043],[-76.408,-2.6878],[-76.3948,-2.7267],[-76.3613,-2.7459],[-76.3442,-2.8001],[-76.3073,-2.8349],[-76.3169,-2.8976],[-76.3512,-2.9464],[-76.3379,-2.9886],[-76.3528,-3.029],[-76.3535,-3.0904],[-76.3893,-3.1277],[-76.3521,-3.1624],[-76.3673,-3.2178],[-76.3147,-3.285],[-76.27,-3.3611],[-76.2615,-3.4752],[-76.2062,-3.5281],[-76.2594,-3.5756],[-76.2341,-3.6348],[-76.2849,-3.6662],[-76.2897,-3.6912],[-76.3278,-3.6994],[-76.3325,-3.7624],[-76.376,-3.8013],[-76.414,-3.8644],[-76.415,-3.957],[-76.3907,-4.0023],[-76.3495,-4.0441],[-76.3305,-4.1145],[-76.2365,-4.1871],[-76.2272,-4.2453],[-76.32,-4.3584],[-76.309,-4.3933],[-76.3379,-4.4187],[-76.3225,-4.4708],[-76.2632,-4.5289],[-76.197,-4.6243],[-76.2044,-4.6743],[-76.1624,-4.7047],[-76.1719,-4.7688],[-76.1408,-4.7975],[-76.1078,-4.7892],[-76.0709,-4.8337],[-76.0345,-4.8163],[-76.0071,-4.852],[-75.8295,-4.9766],[-75.76,-4.9983],[-75.7448,-5.0378],[-75.7894,-5.0181],[-75.8891,-5.0483],[-75.9197,-5.0225],[-75.9192,-5.0845],[-76.0012,-5.1003],[-76.0717,-5.0834],[-76.1694,-5.0217],[-76.2245,-5.0185],[-76.3593,-5.0316],[-76.4141,-5.0173],[-76.454,-4.9866],[-76.4696,-5.0057],[-76.4831,-5.1241]]]}},{"type":"Feature","id":1701,"properties":{"u":"1701","n":"Tambopata","d":"Madre de Dios","c":[-12.1794,-69.6003]},"geometry":{"type":"Polygon","coordinates":[[[-69.6499,-13.3417],[-70.4029,-13.1144],[-70.3593,-13.0084],[-70.3553,-12.9178],[-70.333,-12.8704],[-70.294,-12.8458],[-70.2569,-12.7828],[-70.2525,-12.7496],[-70.1959,-12.7209],[-70.1615,-12.6787],[-70.075,-12.6394],[-70.0384,-12.6087],[-70.092,-12.5455],[-70.1034,-12.5083],[-70.2296,-12.4669],[-70.2568,-12.4212],[-70.247,-12.3853],[-70.2756,-12.3131],[-70.3475,-12.2044],[-70.4034,-12.1508],[-70.4358,-12.1544],[-70.4989,-12.1068],[-70.5362,-12.1136],[-70.5736,-12.0775],[-70.6404,-12.0372],[-70.6444,-12.0057],[-70.7467,-11.998],[-70.8592,-11.9657],[-70.8906,-11.9242],[-70.9818,-11.9183],[-71.0262,-11.885],[-71.0764,-11.7796],[-71.1263,-11.7533],[-71.2064,-11.7555],[-71.2514,-11.7082],[-71.3207,-11.6792],[-71.3394,-11.6387],[-71.4157,-11.5288],[-71.4938,-11.489],[-71.5787,-11.4696],[-71.5911,-11.4311],[-71.6647,-11.4194],[-71.6486,-11.3777],[-71.7502,-11.3299],[-71.8261,-11.3151],[-71.8539,-11.3682],[-71.8936,-11.3529],[-71.9456,-11.3863],[-71.9994,-11.3705],[-72.0969,-11.3776],[-72.1121,-11.3311],[-72.1631,-11.3201],[-72.2046,-11.3474],[-72.2177,-11.3002],[-72.1982,-11.2617],[-72.2002,-11.2053],[-72.1816,-11.1668],[-72.1456,-11.1491],[-72.1214,-11.1071],[-72.1849,-11.0658],[-72.1754,-11.0443],[-72.1368,-11.083],[-72.0884,-11.0678],[-71.9866,-11.054],[-71.9007,-11.0666],[-71.8511,-11.043],[-71.8116,-11.0705],[-71.7067,-11.0899],[-71.5869,-11.0959],[-71.5481,-11.0819],[-71.4999,-11.1052],[-71.4599,-11.1046],[-71.4077,-11.1479],[-71.307,-11.1853],[-71.1536,-11.2271],[-71.1031,-11.2209],[-71.063,-11.2502],[-70.9304,-11.2754],[-70.7441,-11.3816],[-70.4757,-11.3525],[-70.4161,-11.4285],[-70.3044,-11.4521],[-70.2793,-11.4749],[-70.2393,-11.5591],[-70.1668,-11.6331],[-70.1165,-11.6662],[-69.9275,-11.7259],[-69.8986,-11.7593],[-69.8277,-11.79],[-69.7645,-11.8037],[-69.6939,-11.7716],[-69.6286,-11.7601],[-69.5875,-11.7777],[-69.523,-11.8412],[-69.4611,-11.875],[-69.4208,-11.8659],[-69.3353,-11.9065],[-69.2726,-11.9016],[-69.2442,-11.8826],[-69.1912,-11.91],[-69.1301,-11.9183],[-69.0811,-11.9062],[-68.9703,-11.9131],[-68.6545,-12.4999],[-68.6922,-12.5836],[-68.7324,-12.6109],[-68.7189,-12.6618],[-68.7417,-12.7249],[-68.7882,-12.7569],[-68.8347,-12.8132],[-68.8358,-12.859],[-68.8716,-12.8855],[-68.8719,-13.0039],[-69.6499,-13.3417]]]}},{"type":"Feature","id":1702,"properties":{"u":"1702","n":"Manu","d":"Madre de Dios","c":[-12.2997,-71.1431]},"geometry":{"type":"Polygon","coordinates":[[[-70.4029,-13.1144],[-70.3885,-13.1924],[-70.4642,-13.1597],[-70.5498,-13.1529],[-70.5875,-13.1031],[-70.6598,-13.0885],[-70.71,-13.1095],[-70.7584,-13.108],[-70.843,-13.067],[-70.8899,-13.1029],[-70.9214,-13.1108],[-70.9422,-13.1565],[-70.9745,-13.1683],[-71.014,-13.2672],[-71.0642,-13.2567],[-71.122,-13.2335],[-71.1511,-13.1241],[-71.1682,-13.0941],[-71.173,-12.9833],[-71.1951,-12.96],[-71.265,-12.9629],[-71.3549,-12.884],[-71.4152,-12.8943],[-71.4489,-12.8633],[-71.451,-12.825],[-71.5026,-12.7562],[-71.5473,-12.7345],[-71.5521,-12.7093],[-71.6003,-12.7001],[-71.695,-12.7388],[-71.6983,-12.762],[-71.7469,-12.7961],[-71.7647,-12.7675],[-71.8106,-12.745],[-71.9004,-12.7334],[-71.9165,-12.7033],[-71.9786,-12.6833],[-71.9564,-12.6549],[-71.9814,-12.5805],[-72.0315,-12.5248],[-72.0711,-12.5115],[-72.079,-12.4986],[-72.0615,-12.4404],[-72.0098,-12.4042],[-71.976,-12.3988],[-71.9588,-12.3201],[-72.03,-12.2863],[-72.0338,-12.265],[-72.1055,-12.2381],[-72.0876,-12.1427],[-72.0944,-12.0852],[-72.1737,-12.0598],[-72.2689,-12.0544],[-72.2593,-12.0063],[-72.2846,-11.9764],[-72.3375,-11.9681],[-72.3475,-11.8913],[-72.3322,-11.8555],[-72.3913,-11.8263],[-72.3708,-11.785],[-72.4251,-11.7332],[-72.4287,-11.709],[-72.3509,-11.6218],[-72.3155,-11.5956],[-72.2926,-11.4333],[-72.2479,-11.385],[-72.2393,-11.3451],[-72.2046,-11.3474],[-72.1631,-11.3201],[-72.1121,-11.3311],[-72.0969,-11.3776],[-71.9994,-11.3705],[-71.9456,-11.3863],[-71.8936,-11.3529],[-71.8539,-11.3682],[-71.8261,-11.3151],[-71.7502,-11.3299],[-71.6486,-11.3777],[-71.6647,-11.4194],[-71.5911,-11.4311],[-71.5787,-11.4696],[-71.4938,-11.489],[-71.4157,-11.5288],[-71.3394,-11.6387],[-71.3207,-11.6792],[-71.2514,-11.7082],[-71.2064,-11.7555],[-71.1263,-11.7533],[-71.0764,-11.7796],[-71.0262,-11.885],[-70.9818,-11.9183],[-70.8906,-11.9242],[-70.8592,-11.9657],[-70.7467,-11.998],[-70.6444,-12.0057],[-70.6404,-12.0372],[-70.5736,-12.0775],[-70.5362,-12.1136],[-70.4989,-12.1068],[-70.4358,-12.1544],[-70.4034,-12.1508],[-70.3475,-12.2044],[-70.2756,-12.3131],[-70.247,-12.3853],[-70.2568,-12.4212],[-70.2296,-12.4669],[-70.1034,-12.5083],[-70.092,-12.5455],[-70.0384,-12.6087],[-70.075,-12.6394],[-70.1615,-12.6787],[-70.1959,-12.7209],[-70.2525,-12.7496],[-70.2569,-12.7828],[-70.294,-12.8458],[-70.333,-12.8704],[-70.3553,-12.9178],[-70.3593,-13.0084],[-70.4029,-13.1144]]]}},{"type":"Feature","id":1703,"properties":{"u":"1703","n":"Tahuamanu","d":"Madre de Dios","c":[-10.884,-70.9583]},"geometry":{"type":"Polygon","coordinates":[[[-69.0811,-11.9062],[-69.1301,-11.9183],[-69.1912,-11.91],[-69.2442,-11.8826],[-69.2726,-11.9016],[-69.3353,-11.9065],[-69.4208,-11.8659],[-69.4611,-11.875],[-69.523,-11.8412],[-69.5875,-11.7777],[-69.6286,-11.7601],[-69.6939,-11.7716],[-69.7645,-11.8037],[-69.8277,-11.79],[-69.8986,-11.7593],[-69.9275,-11.7259],[-70.1165,-11.6662],[-70.1668,-11.6331],[-70.2393,-11.5591],[-70.2793,-11.4749],[-70.3044,-11.4521],[-70.4161,-11.4285],[-70.4757,-11.3525],[-70.7441,-11.3816],[-70.9304,-11.2754],[-71.063,-11.2502],[-71.1031,-11.2209],[-71.1536,-11.2271],[-71.307,-11.1853],[-71.4077,-11.1479],[-71.4599,-11.1046],[-71.4999,-11.1052],[-71.5481,-11.0819],[-71.5869,-11.0959],[-71.7067,-11.0899],[-71.8116,-11.0705],[-71.8511,-11.043],[-71.9007,-11.0666],[-71.9866,-11.054],[-72.0884,-11.0678],[-72.1368,-11.083],[-72.1754,-11.0443],[-72.1818,-11.0097],[-72.1303,-10.9903],[-72.0517,-11.0109],[-72.0161,-10.9897],[-71.8357,-11.0005],[-71.7781,-10.9897],[-71.7202,-10.9966],[-71.5905,-10.972],[-71.5316,-10.9522],[-71.3573,-10.9515],[-71.2734,-10.8474],[-71.2573,-10.7845],[-71.2212,-10.7614],[-71.2296,-10.689],[-71.1962,-10.5799],[-71.1665,-10.5716],[-71.1646,-10.5313],[-71.1274,-10.5044],[-71.0785,-10.5014],[-71.0245,-10.4782],[-70.9672,-10.3813],[-70.9659,-10.3398],[-70.9229,-10.3275],[-70.8792,-10.2842],[-70.8174,-10.2569],[-70.7051,-10.1587],[-70.7079,-10.1356],[-70.6505,-10.0803],[-70.6728,-10.0352],[-70.6676,-9.9725],[-70.633,-9.9069],[-70.6139,-9.9169],[-70.6138,-11.0002],[-70.5278,-10.9343],[-70.4551,-10.9956],[-70.4243,-11.0383],[-70.3731,-11.0605],[-70.3078,-11.0705],[-70.2446,-11.0494],[-70.1991,-11.054],[-70.1412,-11.0301],[-70.0946,-10.9899],[-70.028,-10.9776],[-69.954,-10.9286],[-69.9005,-10.9206],[-69.7882,-10.9296],[-69.7393,-10.965],[-69.6347,-10.9573],[-69.5969,-10.9417],[-69.5629,-10.9668],[-69.2283,-11.4998],[-69.1034,-11.6813],[-68.9703,-11.9131],[-69.0811,-11.9062]]]}},{"type":"Feature","id":1801,"properties":{"u":"1801","n":"Mariscal Nieto","d":"Moquegua","c":[-17.0391,-70.8939]},"geometry":{"type":"Polygon","coordinates":[[[-70.6842,-17.225],[-70.7159,-17.2737],[-70.7524,-17.3806],[-70.7356,-17.4012],[-70.7877,-17.4603],[-70.8796,-17.5552],[-70.9078,-17.6472],[-70.9966,-17.6208],[-71.0361,-17.558],[-71.0729,-17.5247],[-71.074,-17.4875],[-71.2159,-17.4347],[-71.2741,-17.4272],[-71.3115,-17.4496],[-71.3187,-17.4136],[-71.3763,-17.3513],[-71.3694,-17.3122],[-71.441,-17.2517],[-71.3022,-17.0939],[-71.3258,-17.0564],[-71.3394,-17.0218],[-71.3846,-17.0211],[-71.3909,-16.9805],[-71.3564,-16.9783],[-71.333,-16.9435],[-71.2859,-16.9431],[-71.1694,-16.907],[-71.1456,-16.8587],[-71.0609,-16.7586],[-70.9885,-16.7651],[-70.9021,-16.7777],[-70.8246,-16.7598],[-70.7793,-16.7165],[-70.7639,-16.6346],[-70.7205,-16.6194],[-70.7278,-16.5728],[-70.679,-16.5484],[-70.472,-16.556],[-70.4456,-16.5325],[-70.3966,-16.5238],[-70.3597,-16.4776],[-70.3129,-16.4616],[-70.1854,-16.5372],[-70.1687,-16.6096],[-70.0878,-16.6552],[-70.0246,-16.6312],[-69.9956,-16.7298],[-70.0509,-16.7637],[-70.0911,-16.8121],[-70.0943,-16.8909],[-70.1466,-16.9387],[-70.1813,-16.9321],[-70.2472,-16.9524],[-70.2591,-16.902],[-70.2438,-16.8602],[-70.1841,-16.8347],[-70.2056,-16.8081],[-70.3076,-16.773],[-70.4416,-16.8412],[-70.4592,-16.9227],[-70.4435,-16.9621],[-70.4608,-16.9979],[-70.4496,-17.0813],[-70.4919,-17.0914],[-70.5278,-17.1683],[-70.61,-17.2145],[-70.6842,-17.225]]]}},{"type":"Feature","id":1802,"properties":{"u":"1802","n":"General Sanchez Cerro","d":"Moquegua","c":[-16.4791,-70.6692]},"geometry":{"type":"Polygon","coordinates":[[[-71.333,-16.9435],[-71.3564,-16.9783],[-71.3909,-16.9805],[-71.4406,-16.8652],[-71.4443,-16.8047],[-71.4259,-16.7414],[-71.3694,-16.7197],[-71.3276,-16.7523],[-71.2858,-16.7164],[-71.2792,-16.6158],[-71.2448,-16.5502],[-71.2493,-16.4824],[-71.2421,-16.4631],[-71.1395,-16.475],[-71.0934,-16.4623],[-71.0373,-16.4857],[-70.9795,-16.4806],[-70.9529,-16.461],[-70.9638,-16.3997],[-70.9863,-16.3099],[-70.957,-16.3084],[-70.8539,-16.2415],[-70.8751,-16.0946],[-70.8567,-16.0563],[-70.8126,-16.054],[-70.8202,-15.9785],[-70.7686,-16.0168],[-70.7054,-16.0318],[-70.6692,-16.0138],[-70.6433,-15.9897],[-70.5629,-15.9825],[-70.5261,-16.0267],[-70.4631,-16.0496],[-70.4431,-16.0345],[-70.4067,-16.1017],[-70.4019,-16.149],[-70.3592,-16.2086],[-70.3316,-16.2026],[-70.3451,-16.2561],[-70.3388,-16.3228],[-70.3821,-16.385],[-70.3615,-16.4103],[-70.3334,-16.4114],[-70.3129,-16.4616],[-70.3597,-16.4776],[-70.3966,-16.5238],[-70.4456,-16.5325],[-70.472,-16.556],[-70.679,-16.5484],[-70.7278,-16.5728],[-70.7205,-16.6194],[-70.7639,-16.6346],[-70.7793,-16.7165],[-70.8246,-16.7598],[-70.9021,-16.7777],[-70.9885,-16.7651],[-71.0609,-16.7586],[-71.1456,-16.8587],[-71.1694,-16.907],[-71.2859,-16.9431],[-71.333,-16.9435]]]}},{"type":"Feature","id":1803,"properties":{"u":"1803","n":"Ilo","d":"Moquegua","c":[-17.5414,-71.2094]},"geometry":{"type":"Polygon","coordinates":[[[-71.1394,-17.8215],[-71.2056,-17.7686],[-71.3722,-17.6817],[-71.3428,-17.6213],[-71.3582,-17.5888],[-71.3726,-17.4754],[-71.3946,-17.3891],[-71.4908,-17.285],[-71.441,-17.2517],[-71.3694,-17.3122],[-71.3763,-17.3513],[-71.3187,-17.4136],[-71.3115,-17.4496],[-71.2741,-17.4272],[-71.2159,-17.4347],[-71.074,-17.4875],[-71.0729,-17.5247],[-71.0361,-17.558],[-70.9966,-17.6208],[-70.9078,-17.6472],[-70.9125,-17.6874],[-70.993,-17.6791],[-71.0166,-17.7088],[-71.0841,-17.7213],[-71.1394,-17.8215]]]}},{"type":"Feature","id":1901,"properties":{"u":"1901","n":"Pasco","d":"Pasco","c":[-10.7761,-76.1064]},"geometry":{"type":"Polygon","coordinates":[[[-76.2146,-11.1503],[-76.3079,-11.1327],[-76.3181,-11.0916],[-76.3972,-11.0758],[-76.4912,-11.0894],[-76.5267,-11.051],[-76.5769,-11.0165],[-76.5651,-10.9662],[-76.5882,-10.8451],[-76.6203,-10.8117],[-76.6475,-10.7309],[-76.6691,-10.6807],[-76.6557,-10.6468],[-76.5385,-10.7044],[-76.5162,-10.743],[-76.4754,-10.6944],[-76.4564,-10.6474],[-76.4196,-10.6532],[-76.3679,-10.6227],[-76.3331,-10.59],[-76.2937,-10.6019],[-76.2731,-10.578],[-76.236,-10.5237],[-76.2451,-10.4809],[-76.3059,-10.4122],[-76.2711,-10.3711],[-76.2309,-10.3718],[-76.2072,-10.3887],[-76.0783,-10.452],[-76.0317,-10.4559],[-75.9855,-10.4828],[-75.9358,-10.4847],[-75.9266,-10.5263],[-75.889,-10.508],[-75.8016,-10.5731],[-75.7135,-10.6063],[-75.6775,-10.6037],[-75.6234,-10.6223],[-75.5734,-10.6806],[-75.5792,-10.7236],[-75.5678,-10.7271],[-75.5897,-10.8109],[-75.6934,-10.8342],[-75.7324,-10.8092],[-75.786,-10.8246],[-75.8384,-10.8863],[-75.8583,-10.8679],[-75.9359,-10.8897],[-75.9371,-10.8715],[-75.9933,-10.8208],[-76.0445,-10.8795],[-76.0913,-10.9066],[-76.1229,-10.9626],[-76.144,-10.9462],[-76.1887,-10.96],[-76.2098,-10.919],[-76.2237,-10.915],[-76.2491,-10.9246],[-76.2589,-10.9201],[-76.2789,-10.9235],[-76.2778,-10.9404],[-76.2412,-11.0611],[-76.2494,-11.1073],[-76.2146,-11.1503]]]}},{"type":"Feature","id":1902,"properties":{"u":"1902","n":"Daniel Alcides Carrion","d":"Pasco","c":[-10.5047,-76.4805]},"geometry":{"type":"Polygon","coordinates":[[[-76.3358,-10.2863],[-76.3059,-10.4122],[-76.2451,-10.4809],[-76.236,-10.5237],[-76.2731,-10.578],[-76.2937,-10.6019],[-76.3331,-10.59],[-76.3679,-10.6227],[-76.4196,-10.6532],[-76.4564,-10.6474],[-76.4754,-10.6944],[-76.5162,-10.743],[-76.5385,-10.7044],[-76.6557,-10.6468],[-76.7018,-10.5935],[-76.7251,-10.4857],[-76.6968,-10.4425],[-76.6074,-10.4052],[-76.4968,-10.3803],[-76.4865,-10.3667],[-76.494,-10.3105],[-76.4439,-10.3205],[-76.3872,-10.2893],[-76.3358,-10.2863]]]}},{"type":"Feature","id":1903,"properties":{"u":"1903","n":"Oxapampa","d":"Pasco","c":[-10.1743,-74.9857]},"geometry":{"type":"Polygon","coordinates":[[[-75.4652,-10.9011],[-75.4808,-10.8498],[-75.469,-10.7739],[-75.5569,-10.7441],[-75.5678,-10.7271],[-75.5792,-10.7236],[-75.5734,-10.6806],[-75.6234,-10.6223],[-75.6775,-10.6037],[-75.7135,-10.6063],[-75.8016,-10.5731],[-75.889,-10.508],[-75.9266,-10.5263],[-75.9358,-10.4847],[-75.9855,-10.4828],[-75.9251,-10.4068],[-75.9244,-10.356],[-75.8564,-10.3017],[-75.8401,-10.2583],[-75.7856,-10.2524],[-75.7215,-10.2274],[-75.704,-10.2067],[-75.7031,-10.133],[-75.6749,-10.0471],[-75.647,-10.0256],[-75.6086,-10.0229],[-75.5937,-9.9518],[-75.5486,-9.9836],[-75.4641,-9.9943],[-75.4417,-9.9363],[-75.3957,-9.914],[-75.3694,-9.8708],[-75.2882,-9.8707],[-75.2758,-9.8498],[-75.3106,-9.7747],[-75.2569,-9.7786],[-75.1601,-9.84],[-75.1084,-9.8463],[-75.0599,-9.8197],[-74.9994,-9.8385],[-74.9431,-9.7611],[-74.8977,-9.7371],[-74.8494,-9.7483],[-74.8044,-9.7298],[-74.807,-9.6866],[-74.7352,-9.5727],[-74.7505,-9.5246],[-74.7277,-9.47],[-74.6771,-9.4283],[-74.5846,-9.4956],[-74.5756,-9.5705],[-74.4968,-9.5933],[-74.4856,-9.7022],[-74.4476,-9.78],[-74.4502,-9.8702],[-74.4146,-9.9021],[-74.4123,-9.954],[-74.424,-9.9894],[-74.4006,-10.0705],[-74.367,-10.1129],[-74.3278,-10.1097],[-74.3039,-10.1636],[-74.2317,-10.1851],[-74.2243,-10.2792],[-74.2406,-10.3281],[-74.2767,-10.3741],[-74.2552,-10.4525],[-74.2187,-10.4521],[-74.1818,-10.504],[-74.1327,-10.6049],[-74.165,-10.6384],[-74.2299,-10.6355],[-74.2811,-10.6749],[-74.3173,-10.7267],[-74.3743,-10.7581],[-74.3857,-10.8118],[-74.4296,-10.8127],[-74.4849,-10.8365],[-74.51,-10.8803],[-74.573,-10.9126],[-74.6141,-10.9046],[-74.6493,-10.8671],[-74.7002,-10.8779],[-74.7327,-10.8357],[-74.7918,-10.8311],[-74.8313,-10.7805],[-74.8933,-10.7691],[-74.9565,-10.7328],[-74.9828,-10.7498],[-75.0167,-10.6771],[-75.0646,-10.6534],[-75.1198,-10.7302],[-75.191,-10.7157],[-75.2043,-10.7647],[-75.244,-10.7669],[-75.2624,-10.8253],[-75.3173,-10.8636],[-75.3857,-10.8649],[-75.4092,-10.8578],[-75.4534,-10.9003],[-75.4652,-10.9011]]]}},{"type":"Feature","id":2001,"properties":{"u":"2001","n":"Piura","d":"Piura","c":[-5.1823,-80.5677]},"geometry":{"type":"Polygon","coordinates":[[[-80.323,-5.2905],[-80.2599,-5.3304],[-80.1259,-5.5108],[-80.0839,-5.5604],[-79.9992,-5.5854],[-79.9685,-5.5812],[-79.9948,-5.7519],[-80.053,-5.8112],[-80.1091,-5.7878],[-80.2077,-5.7215],[-80.2912,-5.6779],[-80.323,-5.6793],[-80.5346,-5.6016],[-80.5526,-5.4923],[-80.568,-5.4867],[-80.6367,-5.4861],[-80.6353,-5.4504],[-80.7492,-5.4134],[-80.9615,-5.311],[-81.0254,-5.2428],[-81.0066,-5.2327],[-80.9392,-5.2375],[-80.8596,-5.2814],[-80.8493,-5.2984],[-80.8277,-5.225],[-80.801,-5.2127],[-80.7681,-5.152],[-80.7446,-5.1301],[-80.7003,-5.0176],[-80.6977,-4.9601],[-80.606,-4.929],[-80.5401,-4.8398],[-80.5074,-4.8234],[-80.4189,-4.829],[-80.3475,-4.7923],[-80.3557,-4.771],[-80.3431,-4.7103],[-80.3711,-4.6779],[-80.3567,-4.6368],[-80.2489,-4.5851],[-80.2214,-4.5955],[-80.1534,-4.6042],[-80.1236,-4.673],[-80.0356,-4.6563],[-80.0103,-4.6946],[-80.0257,-4.7182],[-80.0953,-4.7535],[-80.0773,-4.7769],[-80.1148,-4.805],[-80.0964,-4.8384],[-80.1171,-4.8824],[-80.1024,-4.929],[-80.1764,-4.9718],[-80.2343,-4.9483],[-80.2566,-4.9914],[-80.2215,-5.0504],[-80.2896,-5.0715],[-80.3381,-5.1372],[-80.365,-5.2324],[-80.323,-5.2905]]]}},{"type":"Feature","id":2002,"properties":{"u":"2002","n":"Ayabaca","d":"Piura","c":[-4.7088,-79.7362]},"geometry":{"type":"Polygon","coordinates":[[[-79.5182,-5.0848],[-79.5952,-5.0567],[-79.6187,-5.0992],[-79.6422,-5.1072],[-79.706,-5.0666],[-79.7293,-5.0221],[-79.7885,-4.9908],[-79.7943,-4.9926],[-79.8624,-4.972],[-79.9092,-5.0194],[-79.978,-5.0265],[-80.0388,-5.0264],[-80.0826,-5.0045],[-80.1171,-4.8824],[-80.0964,-4.8384],[-80.1148,-4.805],[-80.0773,-4.7769],[-80.0953,-4.7535],[-80.0257,-4.7182],[-80.0103,-4.6946],[-80.0356,-4.6563],[-80.1236,-4.673],[-80.1534,-4.6042],[-80.2214,-4.5955],[-80.2015,-4.567],[-80.2221,-4.5299],[-80.2137,-4.498],[-80.2338,-4.4418],[-80.2899,-4.4332],[-80.1949,-4.3464],[-80.1787,-4.3038],[-80.1042,-4.291],[-79.9918,-4.38],[-79.9207,-4.3856],[-79.8713,-4.413],[-79.853,-4.4513],[-79.8017,-4.4887],[-79.7088,-4.4715],[-79.6555,-4.4342],[-79.6281,-4.4391],[-79.5634,-4.5143],[-79.4979,-4.5212],[-79.4794,-4.5728],[-79.4882,-4.626],[-79.4645,-4.6505],[-79.4576,-4.6994],[-79.3891,-4.8343],[-79.4097,-4.9078],[-79.4514,-4.9372],[-79.4821,-5.0247],[-79.4878,-5.1108],[-79.5182,-5.0848]]]}},{"type":"Feature","id":2003,"properties":{"u":"2003","n":"Huancabamba","d":"Piura","c":[-5.4084,-79.5293]},"geometry":{"type":"Polygon","coordinates":[[[-79.3989,-5.7288],[-79.3525,-5.873],[-79.3336,-5.8942],[-79.3674,-5.9372],[-79.4186,-5.9701],[-79.4989,-5.9152],[-79.6013,-5.9395],[-79.6264,-5.8874],[-79.6314,-5.829],[-79.6827,-5.8464],[-79.7373,-5.8377],[-79.7393,-5.7996],[-79.7173,-5.7393],[-79.7593,-5.6963],[-79.7869,-5.6466],[-79.8394,-5.63],[-79.8004,-5.5622],[-79.777,-5.5619],[-79.7374,-5.509],[-79.6816,-5.531],[-79.6498,-5.5206],[-79.6425,-5.4852],[-79.691,-5.459],[-79.75,-5.4464],[-79.7686,-5.425],[-79.732,-5.377],[-79.6628,-5.369],[-79.6552,-5.3333],[-79.72,-5.2153],[-79.7149,-5.1266],[-79.6187,-5.0992],[-79.5952,-5.0567],[-79.5182,-5.0848],[-79.4878,-5.1108],[-79.4821,-5.0247],[-79.4514,-4.9372],[-79.4097,-4.9078],[-79.3891,-4.8343],[-79.3501,-4.8812],[-79.3207,-4.8869],[-79.263,-4.9687],[-79.2101,-4.9652],[-79.2451,-5.0014],[-79.2944,-5.1105],[-79.3223,-5.1169],[-79.3418,-5.1633],[-79.3723,-5.1839],[-79.349,-5.2593],[-79.359,-5.2886],[-79.3281,-5.3159],[-79.3044,-5.3918],[-79.2977,-5.4581],[-79.269,-5.5133],[-79.329,-5.5351],[-79.3985,-5.5335],[-79.3756,-5.6062],[-79.3989,-5.7288]]]}},{"type":"Feature","id":2004,"properties":{"u":"2004","n":"Morropon","d":"Piura","c":[-5.2615,-80.0193]},"geometry":{"type":"Polygon","coordinates":[[[-79.691,-5.459],[-79.6425,-5.4852],[-79.6498,-5.5206],[-79.6816,-5.531],[-79.7374,-5.509],[-79.777,-5.5619],[-79.8004,-5.5622],[-79.8394,-5.63],[-79.8644,-5.5634],[-79.854,-5.5318],[-79.9031,-5.4914],[-79.9459,-5.515],[-79.9685,-5.5812],[-79.9992,-5.5854],[-80.0839,-5.5604],[-80.1259,-5.5108],[-80.2599,-5.3304],[-80.323,-5.2905],[-80.365,-5.2324],[-80.3381,-5.1372],[-80.2896,-5.0715],[-80.2215,-5.0504],[-80.2566,-4.9914],[-80.2343,-4.9483],[-80.1764,-4.9718],[-80.1024,-4.929],[-80.0826,-5.0045],[-80.0388,-5.0264],[-79.978,-5.0265],[-79.9092,-5.0194],[-79.8624,-4.972],[-79.7943,-4.9926],[-79.7885,-4.9908],[-79.7293,-5.0221],[-79.706,-5.0666],[-79.6422,-5.1072],[-79.7149,-5.1266],[-79.72,-5.2153],[-79.6552,-5.3333],[-79.6628,-5.369],[-79.732,-5.377],[-79.7686,-5.425],[-79.75,-5.4464],[-79.691,-5.459]]]}},{"type":"Feature","id":2005,"properties":{"u":"2005","n":"Paita","d":"Piura","c":[-5.076,-80.9672]},"geometry":{"type":"Polygon","coordinates":[[[-80.9615,-5.311],[-80.994,-5.3885],[-81.0782,-5.3132],[-81.1082,-5.3147],[-81.1381,-5.2636],[-81.1946,-5.2121],[-81.1736,-5.1841],[-81.1605,-5.1234],[-81.1714,-5.0883],[-81.1332,-5.0703],[-81.0907,-5.0817],[-81.066,-5.0523],[-81.0667,-5.0053],[-81.0864,-4.9673],[-81.2106,-4.8164],[-80.9683,-4.7718],[-80.9319,-4.8049],[-80.9538,-4.8632],[-80.9243,-4.8934],[-80.8284,-4.9042],[-80.8508,-4.9507],[-80.8482,-5.0931],[-80.8596,-5.2814],[-80.9392,-5.2375],[-81.0066,-5.2327],[-81.0254,-5.2428],[-80.9615,-5.311]]]}},{"type":"Feature","id":2006,"properties":{"u":"2006","n":"Sullana","d":"Piura","c":[-4.6994,-80.6103]},"geometry":{"type":"Polygon","coordinates":[[[-80.7003,-5.0176],[-80.7446,-5.1301],[-80.7681,-5.152],[-80.801,-5.2127],[-80.8277,-5.225],[-80.8493,-5.2984],[-80.8596,-5.2814],[-80.8482,-5.0931],[-80.8508,-4.9507],[-80.8284,-4.9042],[-80.9243,-4.8934],[-80.9538,-4.8632],[-80.9319,-4.8049],[-80.9683,-4.7718],[-80.8482,-4.7484],[-80.8725,-4.6884],[-80.9347,-4.6233],[-80.891,-4.5955],[-80.9194,-4.5203],[-80.8804,-4.4915],[-80.8523,-4.3831],[-80.8688,-4.3355],[-80.9231,-4.3079],[-80.9377,-4.2911],[-80.9089,-4.2245],[-80.9364,-4.1782],[-80.8434,-4.1886],[-80.763,-4.1749],[-80.6232,-4.2318],[-80.5608,-4.1747],[-80.5243,-4.1074],[-80.4873,-4.0831],[-80.4493,-4.1252],[-80.4343,-4.1959],[-80.4093,-4.2185],[-80.3713,-4.1976],[-80.3288,-4.2231],[-80.3672,-4.2821],[-80.4267,-4.3366],[-80.4538,-4.3856],[-80.4388,-4.4564],[-80.3895,-4.4861],[-80.3359,-4.4674],[-80.2899,-4.4332],[-80.2338,-4.4418],[-80.2137,-4.498],[-80.2221,-4.5299],[-80.2015,-4.567],[-80.2214,-4.5955],[-80.2489,-4.5851],[-80.3567,-4.6368],[-80.3711,-4.6779],[-80.3431,-4.7103],[-80.3557,-4.771],[-80.3475,-4.7923],[-80.4189,-4.829],[-80.5074,-4.8234],[-80.5401,-4.8398],[-80.606,-4.929],[-80.6977,-4.9601],[-80.7003,-5.0176]]]}},{"type":"Feature","id":2007,"properties":{"u":"2007","n":"Talara","d":"Piura","c":[-4.4495,-81.0766]},"geometry":{"type":"Polygon","coordinates":[[[-80.8482,-4.7484],[-81.2106,-4.8164],[-81.3281,-4.6819],[-81.3096,-4.6618],[-81.2932,-4.5954],[-81.2748,-4.5722],[-81.2978,-4.4964],[-81.3004,-4.465],[-81.2671,-4.4341],[-81.2493,-4.3548],[-81.2603,-4.3078],[-81.2371,-4.2507],[-81.1265,-4.173],[-81.0999,-4.1281],[-81.0414,-4.0875],[-80.9713,-4.1271],[-80.9708,-4.1669],[-80.9364,-4.1782],[-80.9089,-4.2245],[-80.9377,-4.2911],[-80.9231,-4.3079],[-80.8688,-4.3355],[-80.8523,-4.3831],[-80.8804,-4.4915],[-80.9194,-4.5203],[-80.891,-4.5955],[-80.9347,-4.6233],[-80.8725,-4.6884],[-80.8482,-4.7484]]]}},{"type":"Feature","id":2008,"properties":{"u":"2008","n":"Sechura","d":"Piura","c":[-5.8402,-80.5087]},"geometry":{"type":"Polygon","coordinates":[[[-80.2912,-5.6779],[-80.2077,-5.7215],[-80.1091,-5.7878],[-80.053,-5.8112],[-80.1309,-5.8887],[-80.1989,-5.893],[-80.3274,-5.9474],[-80.3762,-6.007],[-80.6271,-6.3721],[-80.7979,-6.289],[-80.9131,-6.1906],[-81.0916,-6.082],[-81.1493,-5.9812],[-81.1493,-5.8892],[-81.1224,-5.8422],[-81.0975,-5.8382],[-81.0684,-5.7857],[-81.0217,-5.8306],[-80.9431,-5.8457],[-80.8915,-5.8098],[-80.8612,-5.7497],[-80.8525,-5.6355],[-80.8826,-5.5479],[-80.9302,-5.4575],[-80.994,-5.3885],[-80.9615,-5.311],[-80.7492,-5.4134],[-80.6353,-5.4504],[-80.6367,-5.4861],[-80.568,-5.4867],[-80.5526,-5.4923],[-80.5346,-5.6016],[-80.323,-5.6793],[-80.2912,-5.6779]]]}},{"type":"Feature","id":2101,"properties":{"u":"2101","n":"Puno","d":"Puno","c":[-16.0739,-70.0488]},"geometry":{"type":"Polygon","coordinates":[[[-70.3129,-16.4616],[-70.3334,-16.4114],[-70.3615,-16.4103],[-70.3821,-16.385],[-70.3388,-16.3228],[-70.3451,-16.2561],[-70.3316,-16.2026],[-70.3592,-16.2086],[-70.4019,-16.149],[-70.4067,-16.1017],[-70.4431,-16.0345],[-70.4631,-16.0496],[-70.5261,-16.0267],[-70.5629,-15.9825],[-70.5175,-15.9765],[-70.4808,-15.9465],[-70.4793,-15.9112],[-70.4462,-15.8957],[-70.4191,-15.8194],[-70.4384,-15.7871],[-70.4033,-15.7301],[-70.3796,-15.7361],[-70.3128,-15.7369],[-70.2897,-15.7019],[-70.2462,-15.6755],[-70.2034,-15.6265],[-70.1499,-15.6591],[-70.0837,-15.6425],[-70.0257,-15.5655],[-69.9982,-15.5597],[-69.9683,-15.5357],[-69.9069,-15.5078],[-69.8969,-15.4946],[-69.8607,-15.5571],[-69.7707,-15.6584],[-69.7508,-15.7291],[-69.7939,-15.7253],[-69.8455,-15.685],[-69.8617,-15.6183],[-69.8929,-15.5934],[-69.931,-15.6179],[-69.9168,-15.6241],[-69.9586,-15.6868],[-70.0174,-15.6908],[-70.0342,-15.723],[-70.0285,-15.7739],[-69.9633,-15.8509],[-69.9202,-15.8795],[-69.883,-15.8902],[-69.8611,-15.9312],[-69.8147,-15.8717],[-69.8482,-15.8645],[-69.8428,-15.8082],[-69.8025,-15.7853],[-69.7812,-15.8177],[-69.7693,-15.895],[-69.7129,-15.919],[-69.6717,-15.9566],[-69.6102,-15.9568],[-69.6144,-16.0074],[-69.6508,-16.0151],[-69.6517,-16.0532],[-69.6999,-16.0945],[-69.6883,-16.1278],[-69.71,-16.1985],[-69.7611,-16.2167],[-69.7757,-16.26],[-69.8073,-16.2779],[-69.7877,-16.3616],[-69.8011,-16.3871],[-69.8548,-16.4061],[-69.879,-16.4744],[-69.8951,-16.501],[-69.9284,-16.5152],[-70.0283,-16.6054],[-70.0246,-16.6312],[-70.0878,-16.6552],[-70.1687,-16.6096],[-70.1854,-16.5372],[-70.3129,-16.4616]],[[-70.2018,-15.7715],[-70.1524,-15.7516],[-70.1533,-15.7347],[-70.2067,-15.7134],[-70.2018,-15.7715]]]}},{"type":"Feature","id":2102,"properties":{"u":"2102","n":"Azangaro","d":"Puno","c":[-14.853,-70.1986]},"geometry":{"type":"Polygon","coordinates":[[[-70.2037,-15.2994],[-70.2274,-15.252],[-70.2297,-15.2013],[-70.266,-15.1693],[-70.3497,-15.1677],[-70.3516,-15.0919],[-70.3628,-15.0187],[-70.4017,-14.9686],[-70.4655,-14.9282],[-70.4422,-14.8328],[-70.4542,-14.8249],[-70.4171,-14.7313],[-70.3848,-14.677],[-70.3877,-14.6367],[-70.4308,-14.5791],[-70.4047,-14.5623],[-70.3677,-14.5959],[-70.3421,-14.578],[-70.3666,-14.5507],[-70.3296,-14.4681],[-70.3155,-14.3793],[-70.3266,-14.3499],[-70.2762,-14.3219],[-70.2682,-14.283],[-70.2273,-14.3077],[-70.1797,-14.2928],[-70.1374,-14.3499],[-70.0529,-14.3703],[-69.9728,-14.3683],[-69.8899,-14.4343],[-69.8953,-14.4786],[-69.9487,-14.4914],[-70.0118,-14.5589],[-69.9845,-14.5838],[-69.9526,-14.57],[-69.8776,-14.6018],[-69.8369,-14.7427],[-69.8497,-14.7903],[-69.9008,-14.8273],[-69.9886,-14.8731],[-69.9659,-14.9254],[-69.9761,-14.944],[-69.9593,-14.9607],[-69.9679,-15.0249],[-69.8983,-15.1108],[-69.8766,-15.1088],[-69.9001,-15.1662],[-69.8873,-15.2058],[-69.9326,-15.1539],[-69.9903,-15.1685],[-70.0204,-15.1536],[-70.045,-15.1107],[-70.1162,-15.1679],[-70.0858,-15.1841],[-70.0141,-15.1965],[-69.9518,-15.2197],[-69.8877,-15.2069],[-69.9032,-15.2356],[-69.9474,-15.243],[-69.9971,-15.2758],[-70.0057,-15.3275],[-69.9793,-15.3766],[-70.0225,-15.399],[-70.051,-15.3543],[-70.1089,-15.3999],[-70.1569,-15.373],[-70.1481,-15.3126],[-70.2037,-15.2994]]]}},{"type":"Feature","id":2103,"properties":{"u":"2103","n":"Carabaya","d":"Puno","c":[-13.8208,-70.2282]},"geometry":{"type":"Polygon","coordinates":[[[-69.7363,-14.3338],[-69.7241,-14.4181],[-69.6622,-14.4505],[-69.691,-14.5178],[-69.7109,-14.5094],[-69.7777,-14.4486],[-69.8084,-14.4556],[-69.8899,-14.4343],[-69.9728,-14.3683],[-70.0529,-14.3703],[-70.1374,-14.3499],[-70.1797,-14.2928],[-70.2273,-14.3077],[-70.2682,-14.283],[-70.3295,-14.1752],[-70.3869,-14.196],[-70.4252,-14.1781],[-70.4877,-14.2218],[-70.5412,-14.1897],[-70.551,-14.1553],[-70.6193,-14.1594],[-70.6501,-14.1246],[-70.692,-14.1239],[-70.7022,-14.0884],[-70.7199,-14.075],[-70.7898,-14.0788],[-70.8313,-14.0708],[-70.8618,-14.0262],[-70.833,-13.9381],[-70.8313,-13.8589],[-70.8812,-13.8328],[-70.8625,-13.8003],[-70.8266,-13.8272],[-70.7684,-13.8143],[-70.7214,-13.8293],[-70.6989,-13.8032],[-70.735,-13.7343],[-70.7154,-13.6627],[-70.6539,-13.6559],[-70.6162,-13.6091],[-70.5717,-13.586],[-70.5417,-13.5745],[-70.534,-13.5253],[-70.4958,-13.5014],[-70.4526,-13.4479],[-70.4426,-13.3934],[-70.3995,-13.3716],[-70.3928,-13.3142],[-70.3483,-13.2936],[-70.4204,-13.2586],[-70.3906,-13.2321],[-70.3885,-13.1924],[-70.4029,-13.1144],[-69.6499,-13.3417],[-69.6328,-13.4063],[-69.6816,-13.4998],[-69.7131,-13.5056],[-69.7265,-13.6337],[-69.7495,-13.6692],[-69.7537,-13.7379],[-69.7857,-13.7507],[-69.7328,-13.8361],[-69.6635,-13.8846],[-69.7232,-13.977],[-69.7252,-14.0188],[-69.77,-14.0391],[-69.8059,-14.0828],[-69.839,-14.1944],[-69.849,-14.2638],[-69.7994,-14.2683],[-69.7832,-14.312],[-69.7363,-14.3338]]]}},{"type":"Feature","id":2104,"properties":{"u":"2104","n":"Chucuito","d":"Puno","c":[-16.6775,-69.2797]},"geometry":{"type":"Polygon","coordinates":[[[-69.3436,-16.9869],[-69.3946,-17.0239],[-69.3737,-17.0731],[-69.4063,-17.1003],[-69.4491,-17.0978],[-69.5628,-17.175],[-69.6029,-17.0975],[-69.5348,-17.0609],[-69.5357,-16.9677],[-69.566,-16.9024],[-69.5659,-16.8334],[-69.5118,-16.7447],[-69.5368,-16.6985],[-69.4878,-16.6249],[-69.4883,-16.5264],[-69.4738,-16.4988],[-69.4838,-16.4287],[-69.5558,-16.4454],[-69.6694,-16.4163],[-69.6763,-16.347],[-69.6453,-16.3111],[-69.5864,-16.2747],[-69.5719,-16.1743],[-69.534,-16.1759],[-69.5139,-16.18],[-69.4943,-16.2081],[-69.4265,-16.1788],[-69.358,-16.2501],[-69.3297,-16.255],[-69.2953,-16.2539],[-69.2787,-16.2893],[-69.2002,-16.2642],[-69.2046,-16.2987],[-69.1558,-16.3278],[-69.1365,-16.3546],[-69.0591,-16.396],[-69.043,-16.4204],[-69.084,-16.4627],[-69.0846,-16.4971],[-69.056,-16.538],[-69.0313,-16.6058],[-68.9961,-16.6566],[-69.1002,-16.7106],[-69.17,-16.7275],[-69.2192,-16.8361],[-69.2605,-16.8682],[-69.3047,-16.9158],[-69.3436,-16.9869]]]}},{"type":"Feature","id":2105,"properties":{"u":"2105","n":"El Collao","d":"Puno","c":[-16.6281,-69.7575]},"geometry":{"type":"Polygon","coordinates":[[[-69.5348,-17.0609],[-69.6029,-17.0975],[-69.5628,-17.175],[-69.6038,-17.2216],[-69.6413,-17.2874],[-69.6936,-17.2746],[-69.7317,-17.295],[-69.7962,-17.2329],[-69.8514,-17.2437],[-69.9297,-17.2022],[-69.9876,-17.1514],[-70.0397,-17.128],[-70.0468,-17.0564],[-70.0732,-17.0349],[-70.0958,-16.9852],[-70.1466,-16.9387],[-70.0943,-16.8909],[-70.0911,-16.8121],[-70.0509,-16.7637],[-69.9956,-16.7298],[-70.0246,-16.6312],[-70.0283,-16.6054],[-69.9284,-16.5152],[-69.8951,-16.501],[-69.879,-16.4744],[-69.8548,-16.4061],[-69.8011,-16.3871],[-69.7877,-16.3616],[-69.8073,-16.2779],[-69.7757,-16.26],[-69.7611,-16.2167],[-69.71,-16.1985],[-69.6883,-16.1278],[-69.6999,-16.0945],[-69.6517,-16.0532],[-69.6508,-16.0151],[-69.6144,-16.0074],[-69.6102,-15.9568],[-69.5627,-15.9595],[-69.4476,-15.9999],[-69.4232,-16.047],[-69.5035,-16.1498],[-69.5139,-16.18],[-69.534,-16.1759],[-69.5719,-16.1743],[-69.5864,-16.2747],[-69.6453,-16.3111],[-69.6763,-16.347],[-69.6694,-16.4163],[-69.5558,-16.4454],[-69.4838,-16.4287],[-69.4738,-16.4988],[-69.4883,-16.5264],[-69.4878,-16.6249],[-69.5368,-16.6985],[-69.5118,-16.7447],[-69.5659,-16.8334],[-69.566,-16.9024],[-69.5357,-16.9677],[-69.5348,-17.0609]]]}},{"type":"Feature","id":2106,"properties":{"u":"2106","n":"Huancane","d":"Puno","c":[-15.1413,-69.5532]},"geometry":{"type":"Polygon","coordinates":[[[-69.9069,-15.5078],[-69.9683,-15.5357],[-69.9929,-15.5115],[-70.0254,-15.4379],[-70.0225,-15.399],[-69.9793,-15.3766],[-70.0057,-15.3275],[-69.9971,-15.2758],[-69.9474,-15.243],[-69.9032,-15.2356],[-69.8877,-15.2069],[-69.9001,-15.1662],[-69.8766,-15.1088],[-69.8673,-15.0519],[-69.8485,-15.0076],[-69.7748,-14.9596],[-69.7309,-14.9977],[-69.6968,-14.953],[-69.6209,-14.945],[-69.6138,-14.914],[-69.5418,-14.9294],[-69.5177,-14.8762],[-69.5297,-14.843],[-69.5009,-14.7988],[-69.5117,-14.7735],[-69.4659,-14.7703],[-69.435,-14.8387],[-69.3538,-14.8017],[-69.3439,-14.8827],[-69.3616,-14.9492],[-69.2992,-15.0495],[-69.2852,-15.095],[-69.2358,-15.1203],[-69.1315,-15.234],[-69.1763,-15.2614],[-69.1894,-15.2312],[-69.2406,-15.1868],[-69.2917,-15.1623],[-69.3433,-15.1832],[-69.3719,-15.2169],[-69.3984,-15.2123],[-69.4861,-15.2716],[-69.5086,-15.2487],[-69.5475,-15.285],[-69.6227,-15.2694],[-69.6551,-15.2714],[-69.679,-15.2426],[-69.7181,-15.2439],[-69.7727,-15.3089],[-69.8184,-15.3068],[-69.833,-15.2815],[-69.8415,-15.2905],[-69.8674,-15.3013],[-69.8943,-15.2951],[-69.9025,-15.3558],[-69.9429,-15.3967],[-69.8969,-15.4946],[-69.9069,-15.5078]]]}},{"type":"Feature","id":2107,"properties":{"u":"2107","n":"Lampa","d":"Puno","c":[-15.394,-70.6794]},"geometry":{"type":"Polygon","coordinates":[[[-70.2037,-15.2994],[-70.1481,-15.3126],[-70.1569,-15.373],[-70.1769,-15.3828],[-70.254,-15.3302],[-70.2924,-15.3542],[-70.343,-15.4164],[-70.2934,-15.4772],[-70.2708,-15.5109],[-70.269,-15.5605],[-70.3292,-15.6198],[-70.3652,-15.6623],[-70.4358,-15.6768],[-70.4651,-15.6543],[-70.5754,-15.7214],[-70.6105,-15.7595],[-70.6338,-15.7449],[-70.6756,-15.7893],[-70.7461,-15.7761],[-70.7973,-15.7803],[-70.8448,-15.8059],[-70.8905,-15.8513],[-70.9361,-15.7848],[-70.9001,-15.7121],[-70.918,-15.6438],[-71.0014,-15.5758],[-71.018,-15.5278],[-70.994,-15.4548],[-71.039,-15.4052],[-71.0123,-15.3438],[-70.9608,-15.32],[-70.9523,-15.2898],[-70.9853,-15.249],[-70.9625,-15.2156],[-70.9821,-15.1474],[-70.9936,-15.0846],[-70.8344,-15.0013],[-70.7529,-15.0465],[-70.709,-15.0859],[-70.7079,-15.1266],[-70.6799,-15.1162],[-70.5959,-15.1268],[-70.5625,-15.1916],[-70.5388,-15.1856],[-70.5201,-15.1513],[-70.5526,-15.0636],[-70.5318,-15.0279],[-70.5418,-14.9919],[-70.5137,-14.971],[-70.5044,-14.9224],[-70.4655,-14.9282],[-70.4017,-14.9686],[-70.3628,-15.0187],[-70.3516,-15.0919],[-70.3497,-15.1677],[-70.266,-15.1693],[-70.2297,-15.2013],[-70.2274,-15.252],[-70.2037,-15.2994]]]}},{"type":"Feature","id":2108,"properties":{"u":"2108","n":"Melgar","d":"Puno","c":[-14.6314,-70.7362]},"geometry":{"type":"Polygon","coordinates":[[[-70.9889,-14.9086],[-70.9958,-14.8314],[-70.9783,-14.8242],[-70.9755,-14.7641],[-71.0131,-14.7397],[-71.0532,-14.7543],[-71.0787,-14.723],[-71.1179,-14.6489],[-71.0694,-14.626],[-71.0014,-14.5722],[-70.9765,-14.5823],[-70.9967,-14.5057],[-70.9625,-14.4448],[-70.9721,-14.4204],[-70.9787,-14.4167],[-70.9626,-14.3618],[-70.9264,-14.3401],[-70.8806,-14.2709],[-70.8993,-14.2293],[-70.8874,-14.1762],[-70.8089,-14.1242],[-70.7898,-14.0788],[-70.7199,-14.075],[-70.7022,-14.0884],[-70.692,-14.1239],[-70.6501,-14.1246],[-70.6193,-14.1594],[-70.551,-14.1553],[-70.5412,-14.1897],[-70.4877,-14.2218],[-70.4252,-14.1781],[-70.3869,-14.196],[-70.3295,-14.1752],[-70.2682,-14.283],[-70.2762,-14.3219],[-70.3266,-14.3499],[-70.3155,-14.3793],[-70.3296,-14.4681],[-70.3666,-14.5507],[-70.3421,-14.578],[-70.3677,-14.5959],[-70.4047,-14.5623],[-70.4308,-14.5791],[-70.3877,-14.6367],[-70.3848,-14.677],[-70.4171,-14.7313],[-70.4542,-14.8249],[-70.4422,-14.8328],[-70.4655,-14.9282],[-70.5044,-14.9224],[-70.5137,-14.971],[-70.5418,-14.9919],[-70.5318,-15.0279],[-70.5526,-15.0636],[-70.5201,-15.1513],[-70.5388,-15.1856],[-70.5625,-15.1916],[-70.5959,-15.1268],[-70.6799,-15.1162],[-70.7079,-15.1266],[-70.709,-15.0859],[-70.7529,-15.0465],[-70.8344,-15.0013],[-70.9936,-15.0846],[-71.0041,-14.9719],[-70.9889,-14.9086]]]}},{"type":"Feature","id":2109,"properties":{"u":"2109","n":"Moho","d":"Puno","c":[-15.3373,-69.4263]},"geometry":{"type":"Polygon","coordinates":[[[-69.3911,-15.5073],[-69.3583,-15.4832],[-69.435,-15.4824],[-69.4767,-15.4275],[-69.569,-15.3545],[-69.5965,-15.3694],[-69.642,-15.3202],[-69.6551,-15.2714],[-69.6227,-15.2694],[-69.5475,-15.285],[-69.5086,-15.2487],[-69.4861,-15.2716],[-69.3984,-15.2123],[-69.3719,-15.2169],[-69.3433,-15.1832],[-69.2917,-15.1623],[-69.2406,-15.1868],[-69.1894,-15.2312],[-69.1763,-15.2614],[-69.2486,-15.3708],[-69.2603,-15.374],[-69.2498,-15.4267],[-69.2901,-15.4369],[-69.3117,-15.473],[-69.3311,-15.5379],[-69.3911,-15.5073]]]}},{"type":"Feature","id":2110,"properties":{"u":"2110","n":"San Antonio de Putina","d":"Puno","c":[-14.7081,-69.5432]},"geometry":{"type":"Polygon","coordinates":[[[-69.8766,-15.1088],[-69.8983,-15.1108],[-69.9679,-15.0249],[-69.9593,-14.9607],[-69.9761,-14.944],[-69.9659,-14.9254],[-69.9886,-14.8731],[-69.9008,-14.8273],[-69.8497,-14.7903],[-69.8369,-14.7427],[-69.8776,-14.6018],[-69.9526,-14.57],[-69.9845,-14.5838],[-70.0118,-14.5589],[-69.9487,-14.4914],[-69.8953,-14.4786],[-69.8899,-14.4343],[-69.8084,-14.4556],[-69.7777,-14.4486],[-69.7109,-14.5094],[-69.691,-14.5178],[-69.6611,-14.5418],[-69.6581,-14.6051],[-69.6122,-14.6618],[-69.5818,-14.6272],[-69.4627,-14.5871],[-69.4127,-14.6211],[-69.3483,-14.6234],[-69.2976,-14.4868],[-69.2892,-14.425],[-69.3031,-14.4016],[-69.2704,-14.3461],[-69.2741,-14.3113],[-69.2453,-14.3168],[-69.2186,-14.3924],[-69.2205,-14.4393],[-69.1427,-14.4551],[-69.1139,-14.4878],[-69.1406,-14.5134],[-69.15,-14.5803],[-69.22,-14.5816],[-69.2297,-14.6567],[-69.2537,-14.6754],[-69.2253,-14.7407],[-69.2399,-14.7595],[-69.3012,-14.7653],[-69.3538,-14.8017],[-69.435,-14.8387],[-69.4659,-14.7703],[-69.5117,-14.7735],[-69.5009,-14.7988],[-69.5297,-14.843],[-69.5177,-14.8762],[-69.5418,-14.9294],[-69.6138,-14.914],[-69.6209,-14.945],[-69.6968,-14.953],[-69.7309,-14.9977],[-69.7748,-14.9596],[-69.8485,-15.0076],[-69.8673,-15.0519],[-69.8766,-15.1088]]]}},{"type":"Feature","id":2111,"properties":{"u":"2111","n":"San Roman","d":"Puno","c":[-15.6894,-70.3959]},"geometry":{"type":"Polygon","coordinates":[[[-70.4384,-15.7871],[-70.4191,-15.8194],[-70.4462,-15.8957],[-70.4793,-15.9112],[-70.4808,-15.9465],[-70.5175,-15.9765],[-70.6433,-15.9897],[-70.6692,-16.0138],[-70.7054,-16.0318],[-70.7686,-16.0168],[-70.8202,-15.9785],[-70.8453,-15.9219],[-70.8905,-15.8513],[-70.8448,-15.8059],[-70.7973,-15.7803],[-70.7461,-15.7761],[-70.6756,-15.7893],[-70.6338,-15.7449],[-70.6105,-15.7595],[-70.5754,-15.7214],[-70.4651,-15.6543],[-70.4358,-15.6768],[-70.3652,-15.6623],[-70.3292,-15.6198],[-70.269,-15.5605],[-70.2708,-15.5109],[-70.2934,-15.4772],[-70.343,-15.4164],[-70.2924,-15.3542],[-70.254,-15.3302],[-70.1769,-15.3828],[-70.1569,-15.373],[-70.1089,-15.3999],[-70.051,-15.3543],[-70.0225,-15.399],[-70.0254,-15.4379],[-69.9929,-15.5115],[-69.9683,-15.5357],[-69.9982,-15.5597],[-70.0257,-15.5655],[-70.0837,-15.6425],[-70.1499,-15.6591],[-70.2034,-15.6265],[-70.2462,-15.6755],[-70.2897,-15.7019],[-70.3128,-15.7369],[-70.3796,-15.7361],[-70.4033,-15.7301],[-70.4384,-15.7871]]]}},{"type":"Feature","id":2112,"properties":{"u":"2112","n":"Sandia","d":"Puno","c":[-13.8249,-69.3316]},"geometry":{"type":"Polygon","coordinates":[[[-69.6122,-14.6618],[-69.6581,-14.6051],[-69.6611,-14.5418],[-69.691,-14.5178],[-69.6622,-14.4505],[-69.7241,-14.4181],[-69.7363,-14.3338],[-69.7832,-14.312],[-69.7994,-14.2683],[-69.849,-14.2638],[-69.839,-14.1944],[-69.8059,-14.0828],[-69.77,-14.0391],[-69.7252,-14.0188],[-69.7232,-13.977],[-69.6635,-13.8846],[-69.7328,-13.8361],[-69.7857,-13.7507],[-69.7537,-13.7379],[-69.7495,-13.6692],[-69.7265,-13.6337],[-69.7131,-13.5056],[-69.6816,-13.4998],[-69.6328,-13.4063],[-69.6499,-13.3417],[-68.8719,-13.0039],[-68.8544,-13.0607],[-68.8745,-13.1157],[-68.8455,-13.2459],[-68.8976,-13.4138],[-68.8964,-13.4621],[-68.9172,-13.4865],[-68.9668,-13.6049],[-68.993,-13.6499],[-69.061,-13.657],[-69.0661,-13.6883],[-68.9771,-13.7582],[-68.9806,-13.7833],[-68.9177,-13.8137],[-68.9514,-13.8791],[-68.9821,-13.8941],[-68.9781,-13.978],[-68.9374,-14.0254],[-68.8956,-14.0413],[-68.8562,-14.1627],[-68.8278,-14.2194],[-68.9696,-14.2254],[-68.9888,-14.2444],[-69.0152,-14.3147],[-68.9854,-14.3747],[-69.0309,-14.4261],[-69.0839,-14.4518],[-69.1139,-14.4878],[-69.1427,-14.4551],[-69.2205,-14.4393],[-69.2186,-14.3924],[-69.2453,-14.3168],[-69.2741,-14.3113],[-69.2704,-14.3461],[-69.3031,-14.4016],[-69.2892,-14.425],[-69.2976,-14.4868],[-69.3483,-14.6234],[-69.4127,-14.6211],[-69.4627,-14.5871],[-69.5818,-14.6272],[-69.6122,-14.6618]]]}},{"type":"Feature","id":2113,"properties":{"u":"2113","n":"Yunguyo","d":"Puno","c":[-16.3132,-69.1103]},"geometry":{"type":"MultiPolygon","coordinates":[[[[-69.0591,-16.396],[-69.1365,-16.3546],[-69.1558,-16.3278],[-69.2046,-16.2987],[-69.2002,-16.2642],[-69.1454,-16.2531],[-69.0553,-16.1974],[-69.0073,-16.2164],[-68.9862,-16.1923],[-68.961,-16.2037],[-68.97,-16.2415],[-68.9992,-16.2744],[-69.0274,-16.2644],[-69.0506,-16.2827],[-69.0255,-16.3579],[-69.043,-16.4204],[-69.0591,-16.396]]],[[[-68.8142,-16.348],[-68.9184,-16.4037],[-68.9184,-16.2333],[-68.8142,-16.3198],[-68.8142,-16.348]]]]}},{"type":"Feature","id":2201,"properties":{"u":"2201","n":"Moyobamba","d":"San Martín","c":[-5.9185,-76.9897]},"geometry":{"type":"Polygon","coordinates":[[[-76.9345,-6.3843],[-76.9525,-6.3972],[-77.0092,-6.4132],[-77.1155,-6.3992],[-77.1466,-6.3511],[-77.1327,-6.3024],[-77.1973,-6.2334],[-77.1245,-6.2034],[-77.1285,-6.1227],[-77.1436,-6.0984],[-77.1442,-6.0571],[-77.156,-6.0393],[-77.1406,-5.9619],[-77.142,-5.9365],[-77.1492,-5.9409],[-77.1955,-5.9387],[-77.2375,-5.8873],[-77.2531,-5.8035],[-77.2857,-5.7764],[-77.3457,-5.7493],[-77.4035,-5.6997],[-77.486,-5.6808],[-77.5711,-5.7084],[-77.6272,-5.6436],[-77.6554,-5.5808],[-77.641,-5.5263],[-77.7422,-5.4234],[-77.7448,-5.4069],[-77.696,-5.4111],[-77.6704,-5.4096],[-77.5817,-5.4612],[-77.5581,-5.4256],[-77.5174,-5.4667],[-77.4619,-5.5841],[-77.4087,-5.5892],[-77.3701,-5.5696],[-77.3383,-5.6035],[-77.2319,-5.5955],[-77.2008,-5.6266],[-77.138,-5.6319],[-77.0601,-5.6674],[-76.9956,-5.6671],[-76.9614,-5.7061],[-76.8945,-5.7462],[-76.8355,-5.7456],[-76.8181,-5.8621],[-76.7777,-5.9006],[-76.7467,-5.954],[-76.7544,-5.9984],[-76.7868,-6.0239],[-76.8456,-6.0304],[-76.8739,-6.0934],[-76.8404,-6.105],[-76.8313,-6.1901],[-76.8188,-6.2021],[-76.8153,-6.2443],[-76.8351,-6.2852],[-76.8671,-6.2646],[-76.9025,-6.2849],[-76.9539,-6.2803],[-76.9718,-6.3225],[-76.9345,-6.3843]]]}},{"type":"Feature","id":2202,"properties":{"u":"2202","n":"Bellavista","d":"San Martín","c":[-7.5531,-76.3326]},"geometry":{"type":"Polygon","coordinates":[[[-76.0914,-7.5604],[-76.0799,-7.5912],[-76.0977,-7.6422],[-76.1016,-7.7227],[-76.0849,-7.7618],[-76.0438,-7.7923],[-76.0099,-7.8543],[-75.967,-7.9604],[-75.8594,-7.9212],[-75.8295,-7.9735],[-75.8449,-8.0596],[-75.917,-8.0718],[-75.9496,-8.0992],[-75.934,-8.1344],[-75.9412,-8.1862],[-75.9134,-8.2544],[-75.9349,-8.3116],[-75.985,-8.3222],[-76.0872,-8.3369],[-76.1092,-8.3796],[-76.1458,-8.3675],[-76.1658,-8.3112],[-76.1947,-8.298],[-76.2367,-8.2113],[-76.2997,-8.2175],[-76.3332,-8.2037],[-76.3455,-8.1425],[-76.3764,-8.1297],[-76.4569,-8.0548],[-76.52,-8.0314],[-76.5633,-7.9921],[-76.6143,-7.9857],[-76.6245,-7.9068],[-76.6057,-7.8814],[-76.6317,-7.8426],[-76.6302,-7.7535],[-76.5977,-7.6893],[-76.5656,-7.6572],[-76.5797,-7.6076],[-76.5742,-7.5577],[-76.5571,-7.5486],[-76.5515,-7.5043],[-76.5743,-7.3868],[-76.5578,-7.3071],[-76.6145,-7.2135],[-76.6338,-7.1523],[-76.6704,-7.1272],[-76.631,-7.0899],[-76.6321,-7.0423],[-76.6535,-7.009],[-76.6339,-6.9863],[-76.7092,-6.8753],[-76.7342,-6.8125],[-76.7345,-6.8027],[-76.6855,-6.8102],[-76.6212,-6.7762],[-76.5963,-6.7944],[-76.5345,-6.7488],[-76.5239,-6.7254],[-76.5029,-6.7622],[-76.4714,-6.856],[-76.537,-6.9128],[-76.5462,-6.9445],[-76.5235,-6.976],[-76.4654,-7.0091],[-76.4243,-7.0135],[-76.4191,-7.0014],[-76.3754,-7.0165],[-76.319,-7.0585],[-76.2573,-7.0613],[-76.186,-7.0759],[-76.1578,-7.1027],[-76.1579,-7.1983],[-76.1435,-7.204],[-76.1667,-7.2676],[-76.2131,-7.3101],[-76.196,-7.3335],[-76.2147,-7.3991],[-76.1661,-7.4943],[-76.0914,-7.5604]]]}},{"type":"Feature","id":2203,"properties":{"u":"2203","n":"El Dorado","d":"San Martín","c":[-6.5159,-76.7541]},"geometry":{"type":"Polygon","coordinates":[[[-76.7808,-6.7007],[-76.797,-6.6456],[-76.8413,-6.549],[-76.8877,-6.4827],[-76.921,-6.4713],[-76.9525,-6.3972],[-76.9345,-6.3843],[-76.9718,-6.3225],[-76.9539,-6.2803],[-76.9025,-6.2849],[-76.8671,-6.2646],[-76.8351,-6.2852],[-76.8432,-6.3692],[-76.7803,-6.4182],[-76.6975,-6.4154],[-76.614,-6.5714],[-76.5972,-6.5912],[-76.5526,-6.5957],[-76.5346,-6.6255],[-76.5585,-6.6714],[-76.5242,-6.6929],[-76.5239,-6.7254],[-76.5345,-6.7488],[-76.5963,-6.7944],[-76.6212,-6.7762],[-76.6855,-6.8102],[-76.7345,-6.8027],[-76.7366,-6.7904],[-76.7812,-6.7374],[-76.7808,-6.7007]]]}},{"type":"Feature","id":2204,"properties":{"u":"2204","n":"Huallaga","d":"San Martín","c":[-6.764,-76.8957]},"geometry":{"type":"Polygon","coordinates":[[[-76.7839,-7.1629],[-76.8121,-7.173],[-76.8547,-7.0686],[-76.9071,-7.0862],[-76.9026,-7.0097],[-76.952,-6.9963],[-76.9655,-6.9432],[-77.0144,-6.8371],[-77.0392,-6.7376],[-77.0254,-6.7135],[-77.074,-6.6397],[-77.0466,-6.5657],[-77.1582,-6.5012],[-77.1979,-6.421],[-77.2755,-6.3847],[-77.2868,-6.3391],[-77.26,-6.3277],[-77.2215,-6.3811],[-77.1717,-6.3812],[-77.1466,-6.3511],[-77.1155,-6.3992],[-77.0092,-6.4132],[-76.9525,-6.3972],[-76.921,-6.4713],[-76.8877,-6.4827],[-76.8413,-6.549],[-76.797,-6.6456],[-76.7808,-6.7007],[-76.7812,-6.7374],[-76.7366,-6.7904],[-76.7342,-6.8125],[-76.7092,-6.8753],[-76.6339,-6.9863],[-76.6535,-7.009],[-76.6321,-7.0423],[-76.631,-7.0899],[-76.6704,-7.1272],[-76.6818,-7.0891],[-76.7153,-7.0977],[-76.7839,-7.1629]]]}},{"type":"Feature","id":2205,"properties":{"u":"2205","n":"Lamas","d":"San Martín","c":[-6.3222,-76.3976]},"geometry":{"type":"Polygon","coordinates":[[[-76.5526,-6.5957],[-76.5972,-6.5912],[-76.614,-6.5714],[-76.6975,-6.4154],[-76.7803,-6.4182],[-76.8432,-6.3692],[-76.8351,-6.2852],[-76.8153,-6.2443],[-76.8188,-6.2021],[-76.8313,-6.1901],[-76.8404,-6.105],[-76.8739,-6.0934],[-76.8456,-6.0304],[-76.7868,-6.0239],[-76.7544,-5.9984],[-76.6752,-6.0123],[-76.5477,-6.0219],[-76.4123,-5.9507],[-76.3728,-5.9738],[-76.3183,-6.0861],[-76.2732,-6.1044],[-76.2236,-6.166],[-76.1272,-6.1767],[-76.0885,-6.155],[-76.0305,-6.0985],[-75.9654,-6.0952],[-75.9159,-6.1412],[-75.9332,-6.2127],[-75.9785,-6.2941],[-75.9292,-6.3568],[-75.9062,-6.4346],[-75.9234,-6.4637],[-75.9541,-6.4905],[-76.0073,-6.4986],[-76.069,-6.4727],[-76.1094,-6.4752],[-76.1613,-6.5064],[-76.1969,-6.4763],[-76.1845,-6.4274],[-76.2699,-6.4265],[-76.3171,-6.3645],[-76.3659,-6.3503],[-76.3796,-6.3913],[-76.4255,-6.3813],[-76.4436,-6.4041],[-76.4591,-6.4617],[-76.4916,-6.4872],[-76.4562,-6.5161],[-76.4184,-6.5618],[-76.4079,-6.6356],[-76.4563,-6.68],[-76.5242,-6.6929],[-76.5585,-6.6714],[-76.5346,-6.6255],[-76.5526,-6.5957]]]}},{"type":"Feature","id":2206,"properties":{"u":"2206","n":"Mariscal Caceres","d":"San Martín","c":[-7.23,-77.1153]},"geometry":{"type":"Polygon","coordinates":[[[-76.5656,-7.6572],[-76.5977,-7.6893],[-76.6342,-7.6868],[-76.6578,-7.7264],[-76.773,-7.7457],[-76.7634,-7.7935],[-76.7193,-7.8645],[-76.8003,-7.9206],[-76.8732,-7.8988],[-76.9295,-7.8417],[-77.0059,-7.8029],[-77.077,-7.8486],[-77.1025,-7.9527],[-77.0744,-7.9923],[-77.0687,-8.0395],[-77.1505,-8.032],[-77.2383,-8.0133],[-77.2588,-8.0468],[-77.3033,-8.063],[-77.3855,-8.0554],[-77.3778,-8.0267],[-77.4067,-7.9953],[-77.3769,-7.9088],[-77.4068,-7.9025],[-77.4375,-7.8517],[-77.4429,-7.8136],[-77.4968,-7.7859],[-77.4845,-7.6997],[-77.5309,-7.6545],[-77.5367,-7.5823],[-77.5269,-7.5048],[-77.5595,-7.4648],[-77.599,-7.4485],[-77.6308,-7.414],[-77.6286,-7.32],[-77.6467,-7.2407],[-77.6055,-7.2192],[-77.6435,-7.149],[-77.7134,-7.1079],[-77.7589,-6.9645],[-77.7233,-6.8935],[-77.7617,-6.8077],[-77.7353,-6.7883],[-77.7467,-6.7518],[-77.7403,-6.6475],[-77.6934,-6.6785],[-77.6267,-6.6127],[-77.5637,-6.6441],[-77.5441,-6.677],[-77.4547,-6.6817],[-77.4374,-6.701],[-77.3817,-6.6976],[-77.4379,-6.6025],[-77.3939,-6.6027],[-77.3352,-6.5223],[-77.3322,-6.4875],[-77.2755,-6.3847],[-77.1979,-6.421],[-77.1582,-6.5012],[-77.0466,-6.5657],[-77.074,-6.6397],[-77.0254,-6.7135],[-77.0392,-6.7376],[-77.0144,-6.8371],[-76.9655,-6.9432],[-76.952,-6.9963],[-76.9026,-7.0097],[-76.9071,-7.0862],[-76.8547,-7.0686],[-76.8121,-7.173],[-76.7839,-7.1629],[-76.7153,-7.0977],[-76.6818,-7.0891],[-76.6704,-7.1272],[-76.6338,-7.1523],[-76.6145,-7.2135],[-76.5578,-7.3071],[-76.5743,-7.3868],[-76.5515,-7.5043],[-76.5571,-7.5486],[-76.5742,-7.5577],[-76.5797,-7.6076],[-76.5656,-7.6572]]]}},{"type":"Feature","id":2207,"properties":{"u":"2207","n":"Picota","d":"San Martín","c":[-6.9384,-76.2966]},"geometry":{"type":"Polygon","coordinates":[[[-76.0107,-7.0784],[-76.0466,-7.1214],[-76.0599,-7.1613],[-76.1435,-7.204],[-76.1579,-7.1983],[-76.1578,-7.1027],[-76.186,-7.0759],[-76.2573,-7.0613],[-76.319,-7.0585],[-76.3754,-7.0165],[-76.4191,-7.0014],[-76.4243,-7.0135],[-76.4654,-7.0091],[-76.5235,-6.976],[-76.5462,-6.9445],[-76.537,-6.9128],[-76.4714,-6.856],[-76.5029,-6.7622],[-76.5239,-6.7254],[-76.5242,-6.6929],[-76.4563,-6.68],[-76.275,-6.6921],[-76.2679,-6.7411],[-76.2175,-6.7671],[-76.1882,-6.7123],[-76.1268,-6.688],[-76.0954,-6.7149],[-76.0685,-6.8015],[-76.0509,-6.8109],[-76.0105,-6.8936],[-76.0502,-6.9322],[-76.0356,-6.9931],[-76.0108,-6.9965],[-76.0107,-7.0784]]]}},{"type":"Feature","id":2208,"properties":{"u":"2208","n":"Rioja","d":"San Martín","c":[-5.8142,-77.5073]},"geometry":{"type":"Polygon","coordinates":[[[-77.1973,-6.2334],[-77.2041,-6.1829],[-77.223,-6.1469],[-77.2879,-6.1344],[-77.3464,-6.1143],[-77.3594,-6.0721],[-77.3955,-6.0394],[-77.4345,-6.0604],[-77.4769,-6.0],[-77.5338,-6.0634],[-77.5681,-6.0281],[-77.5983,-6.0313],[-77.6717,-5.9741],[-77.6519,-5.9353],[-77.6779,-5.8596],[-77.7608,-5.8249],[-77.7704,-5.7881],[-77.7594,-5.7298],[-77.7737,-5.6852],[-77.7369,-5.6051],[-77.7658,-5.539],[-77.7685,-5.438],[-77.7448,-5.4069],[-77.7422,-5.4234],[-77.641,-5.5263],[-77.6554,-5.5808],[-77.6272,-5.6436],[-77.5711,-5.7084],[-77.486,-5.6808],[-77.4035,-5.6997],[-77.3457,-5.7493],[-77.2857,-5.7764],[-77.2531,-5.8035],[-77.2375,-5.8873],[-77.1955,-5.9387],[-77.1492,-5.9409],[-77.142,-5.9365],[-77.1406,-5.9619],[-77.156,-6.0393],[-77.1442,-6.0571],[-77.1436,-6.0984],[-77.1285,-6.1227],[-77.1245,-6.2034],[-77.1973,-6.2334]]]}},{"type":"Feature","id":2209,"properties":{"u":"2209","n":"San Martin","d":"San Martín","c":[-6.431,-75.719]},"geometry":{"type":"Polygon","coordinates":[[[-76.275,-6.6921],[-76.4563,-6.68],[-76.4079,-6.6356],[-76.4184,-6.5618],[-76.4562,-6.5161],[-76.4916,-6.4872],[-76.4591,-6.4617],[-76.4436,-6.4041],[-76.4255,-6.3813],[-76.3796,-6.3913],[-76.3659,-6.3503],[-76.3171,-6.3645],[-76.2699,-6.4265],[-76.1845,-6.4274],[-76.1969,-6.4763],[-76.1613,-6.5064],[-76.1094,-6.4752],[-76.069,-6.4727],[-76.0073,-6.4986],[-75.9541,-6.4905],[-75.9234,-6.4637],[-75.9062,-6.4346],[-75.9292,-6.3568],[-75.9785,-6.2941],[-75.9332,-6.2127],[-75.9159,-6.1412],[-75.8345,-6.1391],[-75.8148,-6.1009],[-75.7266,-6.144],[-75.6804,-6.0956],[-75.629,-6.0821],[-75.6139,-6.0232],[-75.5689,-6.0004],[-75.5294,-6.1222],[-75.5256,-6.1651],[-75.4872,-6.2034],[-75.4903,-6.267],[-75.5501,-6.3477],[-75.5089,-6.5253],[-75.5093,-6.583],[-75.5002,-6.6403],[-75.5012,-6.767],[-75.5118,-6.7856],[-75.6334,-6.8431],[-75.6681,-6.8264],[-75.6977,-6.8686],[-75.7684,-6.8538],[-75.7942,-6.8214],[-75.8439,-6.7973],[-75.8789,-6.8019],[-75.9637,-6.7884],[-76.0509,-6.8109],[-76.0685,-6.8015],[-76.0954,-6.7149],[-76.1268,-6.688],[-76.1882,-6.7123],[-76.2175,-6.7671],[-76.2679,-6.7411],[-76.275,-6.6921]]]}},{"type":"Feature","id":2210,"properties":{"u":"2210","n":"Tocache","d":"San Martín","c":[-8.2433,-76.5678]},"geometry":{"type":"Polygon","coordinates":[[[-76.1159,-8.6576],[-76.1313,-8.6568],[-76.1664,-8.7564],[-76.2236,-8.7914],[-76.2287,-8.7481],[-76.2667,-8.655],[-76.2785,-8.5775],[-76.3242,-8.5241],[-76.3335,-8.4295],[-76.3467,-8.425],[-76.4168,-8.4434],[-76.444,-8.4888],[-76.4662,-8.5697],[-76.5427,-8.5097],[-76.6243,-8.512],[-76.6973,-8.5324],[-76.7299,-8.5148],[-76.741,-8.5246],[-76.8316,-8.5167],[-76.8473,-8.5465],[-76.9163,-8.5702],[-77.06,-8.5436],[-77.0917,-8.517],[-77.0889,-8.4828],[-77.1426,-8.4758],[-77.1338,-8.44],[-77.1033,-8.438],[-77.0855,-8.4062],[-76.9765,-8.3959],[-76.9137,-8.3261],[-76.9033,-8.2681],[-76.9256,-8.2185],[-76.907,-8.1707],[-76.9867,-8.1112],[-77.0196,-8.0527],[-77.0687,-8.0395],[-77.0744,-7.9923],[-77.1025,-7.9527],[-77.077,-7.8486],[-77.0059,-7.8029],[-76.9295,-7.8417],[-76.8732,-7.8988],[-76.8003,-7.9206],[-76.7193,-7.8645],[-76.7634,-7.7935],[-76.773,-7.7457],[-76.6578,-7.7264],[-76.6342,-7.6868],[-76.5977,-7.6893],[-76.6302,-7.7535],[-76.6317,-7.8426],[-76.6057,-7.8814],[-76.6245,-7.9068],[-76.6143,-7.9857],[-76.5633,-7.9921],[-76.52,-8.0314],[-76.4569,-8.0548],[-76.3764,-8.1297],[-76.3455,-8.1425],[-76.3332,-8.2037],[-76.2997,-8.2175],[-76.2367,-8.2113],[-76.1947,-8.298],[-76.1658,-8.3112],[-76.1458,-8.3675],[-76.1092,-8.3796],[-76.1304,-8.4672],[-76.1159,-8.6576]]]}},{"type":"Feature","id":2301,"properties":{"u":"2301","n":"Tacna","d":"Tacna","c":[-17.877,-70.2935]},"geometry":{"type":"Polygon","coordinates":[[[-69.8131,-18.1145],[-69.8543,-18.1653],[-69.9605,-18.2629],[-70.0507,-18.2688],[-70.1497,-18.3184],[-70.1972,-18.3222],[-70.2868,-18.3081],[-70.3539,-18.3262],[-70.3767,-18.3509],[-70.4813,-18.2734],[-70.6046,-18.2011],[-70.6786,-18.1618],[-70.7595,-18.0804],[-70.8132,-18.0405],[-70.8792,-18.0148],[-70.8895,-17.9765],[-70.8633,-17.9668],[-70.8393,-17.9115],[-70.81,-17.8917],[-70.7601,-17.8182],[-70.7164,-17.7781],[-70.6831,-17.7196],[-70.6084,-17.6563],[-70.5089,-17.5453],[-70.4468,-17.5159],[-70.4283,-17.4833],[-70.3458,-17.4607],[-70.3318,-17.5093],[-70.2375,-17.5897],[-70.17,-17.5882],[-70.1434,-17.6317],[-70.1537,-17.6934],[-70.1896,-17.7373],[-70.1933,-17.7756],[-70.1902,-17.7759],[-70.109,-17.7593],[-70.0147,-17.6264],[-69.9832,-17.5971],[-69.8757,-17.5848],[-69.8491,-17.4974],[-69.8498,-17.4894],[-69.8196,-17.4547],[-69.7232,-17.461],[-69.6463,-17.4103],[-69.6032,-17.3967],[-69.5388,-17.406],[-69.4684,-17.4648],[-69.4683,-17.5042],[-69.5514,-17.5751],[-69.6654,-17.6599],[-69.796,-17.6462],[-69.8212,-17.6864],[-69.8217,-17.7438],[-69.8,-17.7623],[-69.7957,-17.8623],[-69.7472,-17.9439],[-69.7525,-17.988],[-69.8131,-18.1145]]]}},{"type":"Feature","id":2302,"properties":{"u":"2302","n":"Candarave","d":"Tacna","c":[-17.1071,-70.2925]},"geometry":{"type":"Polygon","coordinates":[[[-70.4005,-17.4212],[-70.3634,-17.3744],[-70.4372,-17.3346],[-70.4543,-17.3006],[-70.5725,-17.1941],[-70.5278,-17.1683],[-70.4919,-17.0914],[-70.4496,-17.0813],[-70.4608,-16.9979],[-70.4435,-16.9621],[-70.4592,-16.9227],[-70.4416,-16.8412],[-70.3076,-16.773],[-70.2056,-16.8081],[-70.1841,-16.8347],[-70.2438,-16.8602],[-70.2591,-16.902],[-70.2472,-16.9524],[-70.1813,-16.9321],[-70.1466,-16.9387],[-70.0958,-16.9852],[-70.0732,-17.0349],[-70.07,-17.0812],[-70.0953,-17.1229],[-70.0991,-17.2173],[-70.1144,-17.2356],[-70.0933,-17.29],[-70.1287,-17.3192],[-70.1681,-17.3162],[-70.2185,-17.3417],[-70.2646,-17.3881],[-70.2746,-17.3893],[-70.3458,-17.4607],[-70.4005,-17.4212]]]}},{"type":"Feature","id":2303,"properties":{"u":"2303","n":"Jorge Basadre","d":"Tacna","c":[-17.6012,-70.7264]},"geometry":{"type":"Polygon","coordinates":[[[-70.7601,-17.8182],[-70.81,-17.8917],[-70.8393,-17.9115],[-70.8633,-17.9668],[-70.8895,-17.9765],[-70.9435,-17.9136],[-71.011,-17.8767],[-71.0968,-17.8677],[-71.1394,-17.8215],[-71.0841,-17.7213],[-71.0166,-17.7088],[-70.993,-17.6791],[-70.9125,-17.6874],[-70.9078,-17.6472],[-70.8796,-17.5552],[-70.7877,-17.4603],[-70.7356,-17.4012],[-70.7524,-17.3806],[-70.7159,-17.2737],[-70.6842,-17.225],[-70.61,-17.2145],[-70.5725,-17.1941],[-70.4543,-17.3006],[-70.4372,-17.3346],[-70.3634,-17.3744],[-70.4005,-17.4212],[-70.3458,-17.4607],[-70.4283,-17.4833],[-70.4468,-17.5159],[-70.5089,-17.5453],[-70.6084,-17.6563],[-70.6831,-17.7196],[-70.7164,-17.7781],[-70.7601,-17.8182]]]}},{"type":"Feature","id":2304,"properties":{"u":"2304","n":"Tarata","d":"Tacna","c":[-17.4013,-69.9523]},"geometry":{"type":"Polygon","coordinates":[[[-70.1434,-17.6317],[-70.17,-17.5882],[-70.2375,-17.5897],[-70.3318,-17.5093],[-70.3458,-17.4607],[-70.2746,-17.3893],[-70.2646,-17.3881],[-70.2185,-17.3417],[-70.1681,-17.3162],[-70.1287,-17.3192],[-70.0933,-17.29],[-70.1144,-17.2356],[-70.0991,-17.2173],[-70.0953,-17.1229],[-70.07,-17.0812],[-70.0732,-17.0349],[-70.0468,-17.0564],[-70.0397,-17.128],[-69.9876,-17.1514],[-69.9297,-17.2022],[-69.8514,-17.2437],[-69.7962,-17.2329],[-69.7317,-17.295],[-69.6936,-17.2746],[-69.6413,-17.2874],[-69.5752,-17.2926],[-69.4673,-17.3735],[-69.4684,-17.4648],[-69.5388,-17.406],[-69.6032,-17.3967],[-69.6463,-17.4103],[-69.7232,-17.461],[-69.8196,-17.4547],[-69.8498,-17.4894],[-69.8491,-17.4974],[-69.8757,-17.5848],[-69.9832,-17.5971],[-70.0147,-17.6264],[-70.109,-17.7593],[-70.1933,-17.7756],[-70.1896,-17.7373],[-70.1537,-17.6934],[-70.1434,-17.6317]]]}},{"type":"Feature","id":2401,"properties":{"u":"2401","n":"Tumbes","d":"Tumbes","c":[-3.8593,-80.3993]},"geometry":{"type":"Polygon","coordinates":[[[-80.4798,-4.0555],[-80.4873,-4.0831],[-80.5243,-4.1074],[-80.5608,-4.1747],[-80.6232,-4.2318],[-80.6665,-4.2151],[-80.5835,-4.1389],[-80.5587,-4.0566],[-80.523,-4.007],[-80.5333,-3.9301],[-80.5506,-3.8826],[-80.545,-3.8359],[-80.5906,-3.8283],[-80.5573,-3.783],[-80.554,-3.7335],[-80.6038,-3.6706],[-80.6047,-3.6372],[-80.5555,-3.6057],[-80.4972,-3.5034],[-80.4336,-3.4898],[-80.3788,-3.4946],[-80.3423,-3.6251],[-80.2958,-3.6738],[-80.305,-3.7726],[-80.2558,-3.8328],[-80.2436,-3.8975],[-80.1807,-3.9258],[-80.2402,-3.9562],[-80.2618,-3.9989],[-80.2981,-4.0173],[-80.3391,-3.9921],[-80.3983,-3.9803],[-80.4302,-3.9895],[-80.4798,-4.0555]]]}},{"type":"Feature","id":2402,"properties":{"u":"2402","n":"Contralmirante Villar","d":"Tumbes","c":[-3.9064,-80.7109]},"geometry":{"type":"Polygon","coordinates":[[[-80.9364,-4.1782],[-80.9708,-4.1669],[-80.9713,-4.1271],[-81.0414,-4.0875],[-80.9874,-3.9857],[-80.9565,-3.9562],[-80.842,-3.8818],[-80.7946,-3.7602],[-80.7536,-3.7182],[-80.6836,-3.6795],[-80.6352,-3.6671],[-80.6047,-3.6372],[-80.6038,-3.6706],[-80.554,-3.7335],[-80.5573,-3.783],[-80.5906,-3.8283],[-80.545,-3.8359],[-80.5506,-3.8826],[-80.5333,-3.9301],[-80.523,-4.007],[-80.5587,-4.0566],[-80.5835,-4.1389],[-80.6665,-4.2151],[-80.763,-4.1749],[-80.8434,-4.1886],[-80.9364,-4.1782]]]}},{"type":"Feature","id":2403,"properties":{"u":"2403","n":"Zarumilla","d":"Tumbes","c":[-3.6495,-80.2584]},"geometry":{"type":"Polygon","coordinates":[[[-80.2558,-3.8328],[-80.305,-3.7726],[-80.2958,-3.6738],[-80.3423,-3.6251],[-80.3788,-3.4946],[-80.3273,-3.4368],[-80.308,-3.3929],[-80.2255,-3.4329],[-80.2397,-3.4778],[-80.2062,-3.5345],[-80.2103,-3.5587],[-80.1972,-3.6177],[-80.1984,-3.6871],[-80.1808,-3.7386],[-80.1926,-3.7717],[-80.1604,-3.8024],[-80.1586,-3.8698],[-80.1272,-3.8955],[-80.1807,-3.9258],[-80.2436,-3.8975],[-80.2558,-3.8328]]]}},{"type":"Feature","id":2501,"properties":{"u":"2501","n":"Coronel Portillo","d":"Ucayali","c":[-8.681,-73.899]},"geometry":{"type":"Polygon","coordinates":[[[-73.2441,-9.7653],[-73.2178,-9.8275],[-73.2285,-9.8465],[-73.1032,-9.8752],[-73.114,-9.9028],[-73.0932,-9.9495],[-73.1125,-10.0178],[-73.1527,-10.0395],[-73.1795,-10.0939],[-73.197,-10.0476],[-73.1872,-10.0183],[-73.2261,-9.9679],[-73.268,-9.9523],[-73.3092,-9.893],[-73.3552,-9.8727],[-73.3935,-9.8226],[-73.4593,-9.7956],[-73.4694,-9.7508],[-73.5378,-9.7077],[-73.5701,-9.6574],[-73.6092,-9.6444],[-73.6845,-9.5298],[-73.7434,-9.5403],[-73.821,-9.532],[-73.8755,-9.5966],[-73.9598,-9.6108],[-73.9858,-9.6352],[-74.0476,-9.6558],[-74.0658,-9.7055],[-74.1524,-9.7097],[-74.184,-9.7638],[-74.2534,-9.7717],[-74.317,-9.8016],[-74.3331,-9.8601],[-74.4123,-9.954],[-74.4146,-9.9021],[-74.4502,-9.8702],[-74.4476,-9.78],[-74.4856,-9.7022],[-74.4968,-9.5933],[-74.5756,-9.5705],[-74.5846,-9.4956],[-74.6771,-9.4283],[-74.6685,-9.3859],[-74.5894,-9.3032],[-74.6396,-9.1597],[-74.6407,-9.1186],[-74.6781,-9.094],[-74.6514,-9.0488],[-74.6443,-8.9188],[-74.6242,-8.8887],[-74.6163,-8.8279],[-74.5322,-8.7761],[-74.5254,-8.7493],[-74.5471,-8.5846],[-74.5776,-8.5538],[-74.6622,-8.5611],[-74.8467,-8.6612],[-74.8506,-8.7569],[-74.9113,-8.8232],[-74.9536,-8.8581],[-74.9263,-8.7844],[-74.9323,-8.7298],[-74.967,-8.6714],[-74.9397,-8.597],[-74.9992,-8.5052],[-75.0208,-8.4478],[-75.0295,-8.4179],[-75.0097,-8.3759],[-75.0404,-8.3126],[-75.0814,-8.2739],[-75.1426,-8.2727],[-75.2166,-8.2404],[-75.271,-8.2635],[-75.3329,-8.2478],[-75.4157,-8.2437],[-75.453,-8.2104],[-75.4153,-8.1705],[-75.3761,-8.1388],[-75.2878,-8.1255],[-75.2439,-8.1555],[-75.2146,-8.1271],[-75.1843,-8.0166],[-75.1425,-7.9786],[-75.0922,-7.9737],[-75.0333,-7.9501],[-74.9823,-7.969],[-74.8964,-8.0813],[-74.7713,-8.0361],[-74.7279,-7.981],[-74.6911,-7.9618],[-74.628,-7.9398],[-74.5697,-7.816],[-74.5157,-7.7772],[-74.5579,-7.7485],[-74.584,-7.6985],[-74.5708,-7.6685],[-74.6431,-7.5623],[-74.6429,-7.5001],[-74.6161,-7.435],[-74.5795,-7.4099],[-74.5357,-7.2944],[-74.5001,-7.262],[-74.4627,-7.2989],[-74.3162,-7.3513],[-74.259,-7.3441],[-74.1809,-7.3587],[-74.1384,-7.3964],[-74.04,-7.4482],[-74.0338,-7.4849],[-73.983,-7.5344],[-73.9584,-7.5644],[-73.8895,-7.6032],[-73.9002,-7.639],[-73.8691,-7.6741],[-73.8373,-7.6706],[-73.8033,-7.714],[-73.714,-7.743],[-73.6763,-7.8],[-73.6782,-7.858],[-73.7355,-7.8788],[-73.767,-7.9104],[-73.7454,-7.9495],[-73.7062,-7.9618],[-73.6689,-8.0123],[-73.6403,-8.0065],[-73.5848,-8.1268],[-73.5955,-8.1658],[-73.563,-8.2455],[-73.526,-8.2744],[-73.5427,-8.3467],[-73.4413,-8.4254],[-73.4078,-8.4306],[-73.3731,-8.4718],[-73.331,-8.4759],[-73.3441,-8.6027],[-73.3197,-8.6106],[-73.2845,-8.6648],[-73.2512,-8.6906],[-73.1672,-8.6983],[-73.1143,-8.7855],[-73.112,-8.8193],[-73.0371,-8.9162],[-73.0013,-8.9169],[-72.9479,-9.0289],[-72.94,-9.0932],[-72.9635,-9.1438],[-73.0196,-9.1855],[-73.0341,-9.2338],[-73.0641,-9.2277],[-73.1562,-9.3567],[-73.1888,-9.3632],[-73.2004,-9.4114],[-73.2062,-9.4843],[-73.1896,-9.5268],[-73.2125,-9.5742],[-73.2271,-9.6568],[-73.2766,-9.6842],[-73.2429,-9.7311],[-73.2441,-9.7653]]]}},{"type":"Feature","id":2502,"properties":{"u":"2502","n":"Atalaya","d":"Ucayali","c":[-10.4103,-73.3571]},"geometry":{"type":"Polygon","coordinates":[[[-72.4314,-10.8798],[-72.4001,-10.9298],[-72.3203,-10.9803],[-72.2621,-10.9717],[-72.2103,-11.0133],[-72.1818,-11.0097],[-72.1754,-11.0443],[-72.1849,-11.0658],[-72.1214,-11.1071],[-72.1456,-11.1491],[-72.1816,-11.1668],[-72.2002,-11.2053],[-72.1982,-11.2617],[-72.2177,-11.3002],[-72.2046,-11.3474],[-72.2393,-11.3451],[-72.2807,-11.3366],[-72.3077,-11.307],[-72.3788,-11.3326],[-72.4251,-11.3685],[-72.4799,-11.3874],[-72.5351,-11.4351],[-72.61,-11.4282],[-72.6321,-11.4064],[-72.7066,-11.3815],[-72.7382,-11.3474],[-72.7943,-11.3843],[-72.897,-11.3579],[-72.9519,-11.3306],[-72.9391,-11.2821],[-72.9686,-11.2641],[-72.9897,-11.1988],[-73.0265,-11.2641],[-73.1374,-11.2938],[-73.2033,-11.29],[-73.2574,-11.3127],[-73.3313,-11.3113],[-73.4197,-11.3839],[-73.4498,-11.3681],[-73.4841,-11.3193],[-73.4601,-11.3027],[-73.4501,-11.2247],[-73.4752,-11.1284],[-73.4826,-11.0652],[-73.5426,-11.0474],[-73.5715,-10.9581],[-73.5603,-10.8606],[-73.6104,-10.8466],[-73.6962,-10.773],[-73.7572,-10.7359],[-73.8142,-10.7999],[-73.8234,-10.9211],[-73.8541,-10.9549],[-73.8666,-11.0374],[-73.8613,-11.1455],[-73.8887,-11.1701],[-73.9165,-11.1431],[-73.9783,-11.1206],[-73.9787,-11.07],[-74.0055,-10.9932],[-74.0918,-10.9868],[-74.148,-10.9988],[-74.1909,-10.986],[-74.2015,-11.0197],[-74.2564,-11.0182],[-74.3737,-11.0565],[-74.4454,-11.0049],[-74.5001,-10.996],[-74.5084,-10.9503],[-74.573,-10.9126],[-74.51,-10.8803],[-74.4849,-10.8365],[-74.4296,-10.8127],[-74.3857,-10.8118],[-74.3743,-10.7581],[-74.3173,-10.7267],[-74.2811,-10.6749],[-74.2299,-10.6355],[-74.165,-10.6384],[-74.1327,-10.6049],[-74.1818,-10.504],[-74.2187,-10.4521],[-74.2552,-10.4525],[-74.2767,-10.3741],[-74.2406,-10.3281],[-74.2243,-10.2792],[-74.2317,-10.1851],[-74.3039,-10.1636],[-74.3278,-10.1097],[-74.367,-10.1129],[-74.4006,-10.0705],[-74.424,-9.9894],[-74.4123,-9.954],[-74.3331,-9.8601],[-74.317,-9.8016],[-74.2534,-9.7717],[-74.184,-9.7638],[-74.1524,-9.7097],[-74.0658,-9.7055],[-74.0476,-9.6558],[-73.9858,-9.6352],[-73.9598,-9.6108],[-73.8755,-9.5966],[-73.821,-9.532],[-73.7434,-9.5403],[-73.6845,-9.5298],[-73.6092,-9.6444],[-73.5701,-9.6574],[-73.5378,-9.7077],[-73.4694,-9.7508],[-73.4593,-9.7956],[-73.3935,-9.8226],[-73.3552,-9.8727],[-73.3092,-9.893],[-73.268,-9.9523],[-73.2261,-9.9679],[-73.1872,-10.0183],[-73.197,-10.0476],[-73.1795,-10.0939],[-73.1527,-10.0395],[-73.1125,-10.0178],[-73.0932,-9.9495],[-73.114,-9.9028],[-73.1032,-9.8752],[-73.2285,-9.8465],[-73.2178,-9.8275],[-73.2441,-9.7653],[-73.2429,-9.7311],[-73.2766,-9.6842],[-73.2271,-9.6568],[-73.2125,-9.5742],[-73.1896,-9.5268],[-73.2062,-9.4843],[-73.2004,-9.4114],[-72.7169,-9.4122],[-72.6977,-9.436],[-72.6423,-9.4423],[-72.5304,-9.4823],[-72.4071,-9.4773],[-72.3408,-9.5066],[-72.318,-9.5441],[-72.2813,-9.5423],[-72.2883,-9.6028],[-72.246,-9.6573],[-72.259,-9.7122],[-72.2149,-9.7788],[-72.1514,-9.7974],[-72.1621,-9.8311],[-72.1507,-9.9057],[-72.1739,-9.9302],[-72.1616,-9.9805],[-72.1804,-9.9997],[-72.1894,-10.0209],[-72.1466,-10.0985],[-72.157,-10.1653],[-72.2141,-10.1597],[-72.2425,-10.1888],[-72.3361,-10.1795],[-72.3818,-10.2225],[-72.4447,-10.255],[-72.4731,-10.3017],[-72.4778,-10.3661],[-72.4224,-10.4465],[-72.4079,-10.517],[-72.3808,-10.5378],[-72.4061,-10.6495],[-72.4434,-10.6365],[-72.4692,-10.7583],[-72.4843,-10.7922],[-72.4372,-10.8426],[-72.4314,-10.8798]]]}},{"type":"Feature","id":2503,"properties":{"u":"2503","n":"Padre Abad","d":"Ucayali","c":[-8.8074,-75.4304]},"geometry":{"type":"Polygon","coordinates":[[[-75.4944,-9.3774],[-75.5624,-9.4002],[-75.6708,-9.3966],[-75.7318,-9.2723],[-75.785,-9.1917],[-75.8065,-9.1215],[-75.8759,-9.0215],[-75.8744,-8.9703],[-75.9173,-8.8792],[-75.9296,-8.8304],[-75.9216,-8.7808],[-75.9458,-8.7161],[-75.8919,-8.6616],[-75.8334,-8.6523],[-75.7796,-8.5474],[-75.7787,-8.4939],[-75.7165,-8.4873],[-75.6873,-8.4233],[-75.5991,-8.412],[-75.5466,-8.4665],[-75.4408,-8.4368],[-75.4353,-8.3931],[-75.4803,-8.3782],[-75.5041,-8.3488],[-75.5029,-8.2894],[-75.453,-8.2104],[-75.4157,-8.2437],[-75.3329,-8.2478],[-75.271,-8.2635],[-75.2166,-8.2404],[-75.1426,-8.2727],[-75.0814,-8.2739],[-75.0404,-8.3126],[-75.0097,-8.3759],[-75.0295,-8.4179],[-75.0208,-8.4478],[-74.9992,-8.5052],[-74.9397,-8.597],[-74.967,-8.6714],[-74.9323,-8.7298],[-74.9263,-8.7844],[-74.9536,-8.8581],[-74.9342,-8.9302],[-74.9789,-8.952],[-75.0126,-8.9136],[-75.0456,-8.9042],[-75.0944,-8.9223],[-75.1433,-8.9722],[-75.151,-9.0387],[-75.2081,-9.1016],[-75.2097,-9.2299],[-75.2623,-9.2704],[-75.281,-9.3045],[-75.3289,-9.297],[-75.4521,-9.2967],[-75.4944,-9.3774]]]}},{"type":"Feature","id":2504,"properties":{"u":"2504","n":"Purus","d":"Ucayali","c":[-10.2057,-71.5614]},"geometry":{"type":"Polygon","coordinates":[[[-70.6139,-9.9169],[-70.633,-9.9069],[-70.6676,-9.9725],[-70.6728,-10.0352],[-70.6505,-10.0803],[-70.7079,-10.1356],[-70.7051,-10.1587],[-70.8174,-10.2569],[-70.8792,-10.2842],[-70.9229,-10.3275],[-70.9659,-10.3398],[-70.9672,-10.3813],[-71.0245,-10.4782],[-71.0785,-10.5014],[-71.1274,-10.5044],[-71.1646,-10.5313],[-71.1665,-10.5716],[-71.1962,-10.5799],[-71.2296,-10.689],[-71.2212,-10.7614],[-71.2573,-10.7845],[-71.2734,-10.8474],[-71.3573,-10.9515],[-71.5316,-10.9522],[-71.5905,-10.972],[-71.7202,-10.9966],[-71.7781,-10.9897],[-71.8357,-11.0005],[-72.0161,-10.9897],[-72.0517,-11.0109],[-72.1303,-10.9903],[-72.1818,-11.0097],[-72.2103,-11.0133],[-72.2621,-10.9717],[-72.3203,-10.9803],[-72.4001,-10.9298],[-72.4314,-10.8798],[-72.4372,-10.8426],[-72.4843,-10.7922],[-72.4692,-10.7583],[-72.4434,-10.6365],[-72.4061,-10.6495],[-72.3808,-10.5378],[-72.4079,-10.517],[-72.4224,-10.4465],[-72.4778,-10.3661],[-72.4731,-10.3017],[-72.4447,-10.255],[-72.3818,-10.2225],[-72.3361,-10.1795],[-72.2425,-10.1888],[-72.2141,-10.1597],[-72.157,-10.1653],[-72.1466,-10.0985],[-72.1894,-10.0209],[-72.1804,-9.9997],[-71.375,-10.0001],[-71.3428,-9.9668],[-71.2974,-9.9922],[-71.192,-9.9404],[-71.1576,-9.8721],[-71.051,-9.8158],[-70.9984,-9.8182],[-70.974,-9.7607],[-70.9245,-9.7416],[-70.8681,-9.6648],[-70.7992,-9.6419],[-70.7498,-9.5693],[-70.6578,-9.5143],[-70.5626,-9.4304],[-70.5245,-9.4594],[-70.5137,-9.4928],[-70.5393,-9.5353],[-70.5919,-9.5485],[-70.5982,-9.6073],[-70.5512,-9.6698],[-70.5281,-9.726],[-70.5366,-9.7658],[-70.6123,-9.8054],[-70.6211,-9.8561],[-70.6139,-9.9169]]]}}]}